"LotArea","BsmtFinSF1","BsmtFinSF2","BsmtUnfSF","TotalBsmtSF","X1stFlrSF","X2ndFlrSF","GrLivArea","BsmtFullBath","BsmtHalfBath","FullBath","HalfBath","BedroomAbvGr","KitchenAbvGr","TotRmsAbvGrd","Fireplaces","GarageCars","GarageArea","WoodDeckSF","OpenPorchSF","SalePrice"
16285,0,0,1413,1413,1430,0,1430,0,0,2,0,3,1,6,0,2,605,0,33,187100
3675,459,0,88,547,1072,0,1072,1,0,1,0,2,1,5,0,2,525,0,28,148000
8963,575,80,487,1142,1175,1540,2715,0,1,3,1,4,1,11,2,2,831,0,204,299800
4712,384,0,363,747,774,456,1230,1,0,1,1,3,1,5,0,1,305,0,57,121600
5400,415,0,418,833,833,0,833,0,0,1,0,2,1,4,0,1,326,0,0,117000
9245,0,0,939,939,939,858,1797,0,0,2,1,3,1,8,0,2,639,144,53,213500
7540,773,0,115,888,912,0,912,1,0,1,0,2,1,5,1,2,470,0,0,156000
7892,0,0,918,918,918,0,918,0,0,2,0,2,1,5,1,1,264,28,0,99500
8814,1334,0,270,1604,1604,0,1604,1,0,2,1,3,1,8,1,2,660,123,110,220000
14541,1012,0,326,1338,1352,1168,2520,1,0,2,1,5,1,10,1,3,796,209,55,310000
10800,0,0,656,656,968,0,968,0,0,2,0,4,1,5,0,1,216,0,0,64500
8640,24,0,732,756,764,783,1547,0,0,2,1,3,1,7,0,2,614,169,45,215200
9400,0,0,912,912,912,912,1824,0,0,2,2,4,2,8,0,0,0,128,0,139000
8172,0,0,941,941,997,473,1470,0,0,2,0,4,1,7,0,1,548,0,0,135000
6600,641,0,175,816,816,0,816,0,1,1,0,3,1,5,1,1,264,0,0,130500
9120,662,0,599,1261,1261,0,1261,1,0,1,0,3,1,6,1,2,433,0,0,163000
10084,1369,0,317,1686,1694,0,1694,1,0,2,0,3,1,7,1,2,636,255,57,307000
6120,0,0,927,927,1067,472,1539,0,0,1,1,3,1,5,0,2,576,112,0,141500
14331,1274,0,526,1800,1800,0,1800,1,0,2,0,3,1,7,1,3,765,270,78,312500
12704,0,0,2042,2042,2042,0,2042,0,0,2,1,3,1,8,1,3,1390,0,90,253293
9590,786,0,82,868,1146,0,1146,1,0,2,0,3,1,6,1,2,438,160,22,187500
12900,1198,0,0,1198,1258,0,1258,2,0,0,2,0,2,6,0,2,400,120,0,108959
5001,904,0,410,1314,1314,0,1314,1,0,2,0,2,1,6,1,2,626,172,62,230000
10300,0,0,576,576,902,808,1710,0,0,2,0,3,1,9,0,2,480,12,11,140000
10141,0,0,832,832,885,833,1718,0,0,2,1,3,1,7,1,2,427,0,94,185000
2117,378,0,378,756,769,804,1573,0,0,2,1,3,1,5,0,2,440,0,32,177500
13700,454,0,410,864,902,918,1820,0,0,1,2,4,1,8,2,2,492,60,84,201800
12160,1024,0,481,1505,1505,0,1505,1,0,1,0,2,1,6,1,2,505,0,0,149500
6130,784,0,0,784,784,0,784,1,0,1,0,2,1,5,0,0,0,0,0,109500
8400,378,0,342,720,1052,720,2192,0,0,2,1,4,1,8,1,1,240,262,24,179500
8967,0,0,961,961,1077,0,1077,0,0,1,0,2,1,6,0,1,338,0,0,67000
10574,0,0,1082,1082,1082,871,1953,0,0,2,1,3,1,9,1,3,1043,160,50,252000
4017,0,0,625,625,625,625,1250,0,0,2,1,2,1,5,0,2,625,0,54,171900
22950,0,0,1107,1107,1518,1518,3608,0,0,2,1,4,1,12,2,3,840,0,260,475000
11526,0,0,588,588,1423,748,2555,0,0,2,0,3,1,11,1,2,672,431,0,191000
17755,176,0,1290,1466,1466,0,1466,0,0,1,1,3,1,6,2,2,528,0,140,149900
8314,546,0,270,816,816,0,816,0,0,1,0,2,1,5,0,1,264,168,0,124500
11670,0,0,1905,1905,1905,0,1905,0,0,2,0,3,1,8,1,3,788,0,191,320000
9920,354,290,412,1056,1063,0,1063,1,0,1,0,3,1,6,0,1,280,0,0,128000
10921,520,0,440,960,960,0,960,1,0,1,0,3,1,6,0,1,432,120,0,94750
9672,338,0,702,1040,1097,0,1097,0,0,2,0,3,1,6,0,2,480,0,0,152000
10625,0,0,1026,1026,1026,932,1958,0,0,2,1,3,1,9,1,3,936,154,210,250000
5105,239,0,312,551,551,551,1102,0,0,2,1,2,1,4,0,2,480,0,60,148800
9135,810,0,726,1536,1536,0,1536,1,0,2,0,3,1,7,0,2,532,192,74,214000
9588,0,0,1482,1482,1482,1092,2574,0,0,2,1,3,1,10,1,3,868,0,148,276000
10142,656,0,300,956,956,1128,2084,1,0,2,1,4,1,8,0,2,618,0,45,233000
8910,655,0,0,655,1194,0,1194,0,1,1,0,3,1,6,1,2,539,0,0,159500
8068,0,0,1010,1010,1010,1257,2267,0,0,2,1,4,1,8,1,2,390,120,46,200000
12513,0,0,715,715,1281,457,1738,0,0,2,0,4,1,7,1,1,368,55,0,104900
8400,423,0,758,1181,1390,304,1694,0,0,2,0,4,1,7,1,2,576,342,0,136500
11584,315,110,114,539,1040,685,1725,0,0,2,1,3,1,6,1,2,550,0,88,197000
9100,612,0,252,864,864,0,864,0,0,1,0,2,1,5,0,1,300,0,0,127500
7200,0,0,776,776,851,651,1502,0,0,1,1,3,1,6,1,1,270,0,0,149000
16545,781,0,503,1284,1310,1140,2450,1,0,2,1,3,1,7,1,3,1069,0,126,340000
6000,331,0,318,649,679,504,1183,0,0,1,1,2,1,6,0,1,308,0,176,120000
12772,498,0,460,958,958,0,958,0,0,1,0,2,1,5,0,1,301,0,0,151500
10603,1200,0,410,1610,1610,0,1610,1,0,2,0,3,1,6,2,2,480,168,68,205000
20544,0,0,791,791,1236,857,2093,0,0,2,1,3,1,7,1,2,542,364,63,215000
8125,0,0,702,702,702,779,1481,0,0,2,1,3,1,6,1,2,343,0,36,174000
9965,1150,0,316,1466,1466,1362,2828,1,0,3,0,4,1,11,1,3,1052,125,144,424870
9760,674,106,0,780,798,813,1611,1,0,1,1,4,1,7,0,2,442,328,128,167900
10440,493,0,1017,1510,1584,1208,2792,0,0,2,0,5,1,8,2,2,520,0,547,256000
9317,24,0,1290,1314,1314,0,1314,0,0,2,0,3,1,6,1,2,440,0,22,176432
11751,705,0,1139,1844,1844,0,1844,0,0,2,0,3,1,7,1,2,546,0,122,190000
6120,0,0,884,884,989,584,1573,0,0,1,0,3,1,6,0,1,240,0,0,133000
13300,377,0,551,928,928,0,928,0,0,1,0,2,1,4,0,1,252,261,0,132000
16466,0,0,816,816,872,521,1393,0,0,1,1,3,1,8,0,1,300,121,0,135500
5310,0,0,485,485,1001,634,1635,0,0,1,0,2,1,5,0,1,255,394,0,117000
11040,637,0,0,637,897,439,1336,0,0,1,1,3,1,7,0,1,570,0,47,108000
14948,1330,0,122,1452,1476,1237,2713,1,0,2,1,3,1,11,1,3,858,126,66,446261
4224,840,0,200,1040,1060,0,1060,1,0,1,0,3,1,6,1,2,572,100,110,129900
5436,735,0,61,796,796,358,1154,1,0,1,0,3,1,7,0,1,240,0,96,125500
7200,0,0,530,530,581,530,1111,0,0,1,0,3,1,6,0,1,288,0,0,101000
20431,1410,0,438,1848,1848,880,2728,1,0,2,1,4,1,10,2,3,706,0,0,437154
10140,788,0,268,1056,1074,0,1074,1,0,1,1,3,1,6,0,2,495,0,88,153500
6324,0,0,520,520,520,0,520,0,0,1,0,1,1,4,0,1,240,49,0,68500
11316,624,0,193,817,824,1070,1894,1,0,2,1,4,1,8,1,2,510,0,40,214900
7136,484,0,495,979,979,979,1958,0,0,2,0,4,2,8,0,2,492,0,0,145000
4060,266,0,1139,1405,1337,0,1337,1,0,2,0,2,1,5,0,2,511,144,68,181000
10012,920,180,38,1138,1181,0,1181,1,0,2,0,3,1,6,0,2,588,0,0,137500
6900,403,125,212,740,778,0,778,0,0,1,0,2,1,4,1,1,924,0,25,120500
7015,185,0,524,709,979,224,1203,1,0,1,0,3,1,5,1,1,352,0,0,110000
9245,686,0,304,990,990,0,990,0,1,1,0,3,1,5,0,2,672,0,0,145000
10800,956,182,384,1522,1548,1066,2614,0,0,2,1,4,1,9,1,2,624,38,243,240000
15602,1247,0,254,1501,1801,0,1801,1,0,2,0,1,1,6,2,2,484,0,54,289000
9849,0,0,1689,1689,1689,0,1689,0,0,2,0,3,1,7,0,3,954,0,56,248328
4608,0,0,747,747,747,0,747,0,0,1,0,2,1,4,0,1,220,0,0,80000
12800,1518,0,0,1518,1644,0,1644,1,1,2,0,2,1,5,1,2,569,80,0,275000
9018,0,0,728,728,728,728,1456,0,0,2,1,3,1,8,1,2,400,100,24,179540
7153,387,0,374,761,810,793,1603,0,0,2,1,3,1,7,0,2,484,0,124,175900
7200,0,0,0,0,1048,0,1048,0,0,1,0,3,1,7,0,2,420,0,27,98300
12090,0,0,585,585,1140,728,1868,0,0,3,1,3,1,7,1,2,477,268,112,178000
7032,943,0,0,943,943,0,943,1,0,1,0,2,1,4,2,2,600,42,0,135960
6292,0,0,861,861,877,600,1477,0,1,2,0,3,1,6,1,1,216,0,50,145000
6000,0,0,780,780,825,587,1412,0,0,1,0,4,1,6,1,1,280,45,0,132500
10592,0,0,602,602,900,602,1502,0,0,1,1,3,1,7,2,1,180,96,0,165000
8400,922,0,392,1314,1314,0,1314,1,0,1,0,3,1,5,0,1,294,250,0,145000
8450,0,0,1349,1349,1349,0,1349,0,0,2,0,3,1,6,0,2,539,120,55,179000
11210,20,0,1594,1614,1614,0,1614,0,0,2,0,3,1,7,0,3,865,144,59,221500
10237,0,0,783,783,783,701,1484,0,0,2,1,3,1,8,1,2,393,0,72,178900
8635,336,41,295,672,1072,213,1285,1,0,1,0,2,1,6,0,1,240,0,0,127000
6120,489,0,279,768,1015,0,1015,0,0,1,0,3,1,6,0,1,450,0,0,88000
23595,1258,0,74,1332,1332,192,1524,2,0,0,1,0,1,4,1,2,586,268,0,260000
8769,1540,0,162,1702,1702,0,1702,1,0,1,1,1,1,7,1,3,1052,0,72,367294
10150,456,0,456,912,912,0,912,0,0,1,0,2,1,5,0,1,275,0,0,114500
10562,1288,0,294,1582,1610,551,2161,1,0,1,1,3,1,8,1,3,789,178,120,325624
13869,182,0,612,794,794,676,1470,0,1,2,0,3,1,6,0,2,388,0,75,177000
9600,607,0,506,1113,1113,0,1113,0,0,1,0,3,1,5,1,1,264,0,80,147000
11426,0,0,1362,1362,1362,720,2082,0,0,2,1,3,1,6,0,2,484,280,238,200000
3182,0,0,1266,1266,1266,0,1266,0,0,2,0,2,1,6,1,2,388,100,16,159895
14100,192,0,536,728,1968,1479,3447,0,0,3,1,4,1,11,2,3,1014,314,12,381000
8402,206,0,914,1120,1120,0,1120,0,0,1,0,3,1,6,0,0,0,0,30,147000
5890,538,0,278,816,816,0,816,0,0,1,0,2,1,5,0,1,432,0,0,120500
7226,0,0,798,798,798,842,1640,0,0,2,1,3,1,6,0,2,595,0,45,183000
2001,0,0,546,546,546,546,1092,0,0,1,1,3,1,6,0,1,286,0,0,75000
14803,416,0,409,825,1097,896,1993,0,0,2,1,4,1,8,1,2,495,0,66,190000
8400,290,0,0,290,438,0,438,0,0,1,0,1,1,3,0,1,246,0,0,60000
9120,329,0,697,1026,1133,687,1820,1,0,2,0,4,1,8,0,1,240,0,100,184000
5400,370,0,779,1149,1149,467,1616,0,0,2,0,3,1,5,0,1,216,0,0,152000
8834,1170,0,292,1462,1462,762,2224,1,0,2,1,4,1,10,1,3,738,184,0,350000
11065,0,0,1085,1085,1120,850,1970,0,0,2,1,3,1,8,1,3,753,177,74,281000
10208,0,0,1264,1264,1277,1067,2344,0,0,2,1,3,1,7,1,3,889,220,0,265000
13811,980,40,92,1112,1137,0,1137,1,0,2,0,2,1,5,1,2,551,125,0,176000
5790,0,0,840,840,840,765,1605,0,0,2,0,3,2,8,0,1,379,0,0,107400
15576,0,0,840,840,840,840,1680,0,0,2,0,4,1,8,0,1,308,0,0,177000
11838,0,0,1753,1753,1788,0,1788,0,0,2,0,3,1,7,1,2,522,202,151,236500
6768,832,0,80,912,912,0,912,1,1,1,0,3,1,5,0,1,288,168,0,142000
15865,351,823,1043,2217,2217,0,2217,1,0,2,0,4,1,8,1,2,621,81,207,268000
11404,252,0,901,1153,1153,878,2031,0,0,2,1,3,1,8,1,2,541,192,84,222500
9920,523,0,448,971,971,0,971,0,0,1,1,3,1,5,1,1,300,0,0,128500
8846,0,0,750,750,750,750,1500,0,0,2,1,3,1,6,0,2,564,0,35,173900
12090,588,228,606,1422,1422,0,1422,0,0,2,0,3,1,7,1,2,576,276,0,175500
7750,250,0,134,384,774,656,1430,0,0,2,1,3,1,7,1,2,400,180,0,180000
11143,0,0,1580,1580,1580,886,2466,0,0,3,0,4,1,8,1,2,610,159,214,340000
14572,1300,0,230,1530,1530,0,1530,1,0,2,0,3,1,7,1,3,630,144,36,259000
4426,662,0,186,848,848,0,848,1,0,1,0,1,1,3,0,2,420,160,0,143000
25286,633,0,431,1064,1040,0,1040,1,0,1,0,3,1,5,0,2,648,0,0,132250
27650,425,0,160,585,2069,0,2069,1,0,2,0,4,1,9,1,2,505,0,0,242000
8400,189,661,628,1478,1478,0,1478,1,0,1,1,3,1,6,2,2,442,114,0,156500
10970,505,435,0,940,1026,0,1026,1,0,1,0,3,1,5,0,2,576,0,0,147000
9200,986,0,484,1470,1470,1160,2630,1,0,2,1,4,1,8,1,3,696,0,66,315000
9337,648,0,176,824,905,881,1786,1,0,2,1,3,1,7,0,2,684,0,162,204750
1680,0,0,483,483,483,504,987,0,0,1,1,2,1,5,1,1,288,0,0,94500
2217,273,273,0,546,546,546,1092,0,0,1,1,3,1,6,0,1,286,238,0,88000
9000,0,0,784,784,784,0,784,0,0,1,0,2,1,5,0,2,360,0,0,76000
12155,156,0,516,672,810,672,1482,0,0,2,0,4,1,7,0,1,400,0,0,140000
8445,656,0,112,768,768,0,768,1,0,1,0,2,1,5,0,2,396,58,0,133000
12798,462,0,154,616,616,1072,1688,1,0,2,1,4,1,8,0,2,603,403,114,200000
4500,182,0,611,793,848,672,1520,0,0,1,0,3,1,6,0,1,281,0,0,159434
11957,24,0,1550,1574,1574,0,1574,0,0,2,0,3,1,7,1,3,824,144,104,232000
10594,0,0,768,768,789,0,789,0,0,1,0,2,1,5,0,1,200,0,0,96500
7642,0,0,912,912,912,514,1426,0,0,1,1,3,1,7,1,1,216,0,240,189950
13450,700,0,216,916,920,941,1861,1,0,2,1,3,1,8,0,2,492,146,91,200000
6120,0,0,939,939,939,574,1513,0,0,1,1,4,1,8,0,1,180,24,0,137500
8450,706,0,150,856,856,854,1710,1,0,2,1,3,1,8,0,2,548,0,61,208500
21930,0,0,732,732,734,1104,1838,0,0,2,1,4,1,7,1,2,372,100,40,192140
9042,275,0,877,1152,1188,1152,2340,0,0,2,0,4,1,9,2,1,252,0,60,266500
3000,294,0,318,612,612,612,1224,0,0,2,1,2,1,4,0,2,528,0,234,173733
3182,24,0,1232,1256,1269,0,1269,0,0,2,0,2,1,6,1,2,430,146,20,192000
7399,649,0,326,975,975,975,1950,0,0,2,1,3,1,7,1,2,576,0,10,239000
2160,510,0,90,600,624,628,1252,1,0,2,1,2,1,4,0,2,462,0,48,160000
8499,0,0,616,616,616,796,1412,0,0,2,1,3,1,6,1,2,432,0,36,156932
17423,1904,0,312,2216,2234,0,2234,1,0,2,0,1,1,9,1,3,1166,0,60,501837
8688,0,0,1616,1616,1616,0,1616,0,0,2,0,3,1,7,0,3,834,208,59,232000
10152,586,0,462,1048,1048,0,1048,1,0,1,0,3,1,6,0,1,286,0,20,135000
5600,0,0,0,0,372,720,1092,0,0,2,0,3,2,7,0,0,0,0,0,55000
9873,789,0,171,960,960,0,960,1,0,1,0,3,1,6,0,2,576,0,288,129000
9056,0,0,707,707,707,707,1414,0,0,2,1,3,1,6,1,2,403,100,35,178000
9037,428,0,1048,1476,1484,0,1484,0,0,2,0,2,1,6,1,2,472,120,33,265900
2368,765,0,0,765,765,600,1365,0,0,1,1,3,1,7,0,2,440,0,36,125000
6600,816,0,0,816,816,0,816,1,0,1,0,2,1,4,0,2,816,0,0,138000
5232,0,0,680,680,764,0,764,0,0,1,0,2,1,4,0,2,504,0,0,73000
8877,690,0,126,816,816,0,816,1,0,1,0,2,1,3,1,1,288,0,0,100000
13651,1880,0,343,2223,2223,0,2223,1,0,2,0,3,1,8,2,2,516,300,0,244000
8450,699,0,638,1337,1337,0,1337,1,0,2,0,3,1,6,0,2,531,0,39,185000
21000,35,869,905,1809,2259,0,2259,1,0,2,0,3,1,7,2,2,450,166,120,217000
1950,81,612,23,716,716,840,1556,1,0,2,1,3,1,6,1,2,452,161,0,151000
9204,25,872,247,1144,1144,0,1144,1,0,1,1,3,1,6,0,1,336,0,88,124000
12376,1470,0,203,1673,1699,1523,3222,1,0,3,0,5,1,11,2,3,594,367,0,320000
14536,1300,0,316,1616,1629,0,1629,1,0,2,0,3,1,9,1,3,808,0,252,270000
14112,1014,0,138,1152,1152,0,1152,1,0,1,0,3,1,6,1,2,484,227,0,180500
8930,0,0,0,0,1318,584,1902,0,0,2,0,4,2,8,0,2,539,0,0,112000
2016,0,0,630,630,630,672,1302,0,0,2,1,3,1,6,0,2,440,0,0,106000
7388,405,0,658,1063,1327,0,1327,1,0,1,0,3,1,7,0,2,624,0,0,150750
4270,544,0,0,544,774,0,774,0,0,1,0,3,1,6,0,0,0,0,0,79000
9600,141,0,548,689,689,689,1378,0,0,2,0,3,1,7,1,2,360,0,0,161000
8633,193,0,545,738,738,738,1476,1,0,2,1,3,1,7,0,2,540,100,35,173500
9017,560,0,871,1431,1431,0,1431,1,0,2,0,3,1,6,0,2,666,0,35,192000
9120,442,0,459,901,943,933,1876,0,0,2,1,4,1,8,1,2,540,0,69,185000
7000,588,0,422,1010,1134,0,1134,0,0,1,0,2,1,6,0,1,254,0,16,135000
8544,0,0,0,0,1040,0,1040,0,0,2,0,2,2,6,0,2,400,0,0,92900
6000,104,169,516,789,789,0,789,0,0,1,0,2,1,5,0,1,250,0,0,115000
9084,236,380,0,616,616,495,1111,0,1,1,0,3,1,5,0,1,200,48,0,95000
8248,0,0,686,686,686,564,1250,0,1,1,1,3,1,7,0,1,280,207,0,116000
7200,1046,0,168,1214,1260,1031,2291,0,1,2,0,4,2,9,1,2,506,0,0,133900
8049,1053,0,256,1309,1339,0,1339,1,0,2,0,2,1,6,1,2,484,0,58,180000
4435,685,0,163,848,848,0,848,1,0,1,0,1,1,4,0,2,420,140,0,144000
11700,298,0,429,727,829,727,1556,0,0,1,1,4,1,8,0,2,441,0,0,154000
8160,312,0,444,756,756,378,1134,1,0,1,1,3,1,7,0,1,240,0,0,126000
12046,156,0,692,848,1118,912,2030,0,0,2,1,4,1,8,1,2,551,0,224,195000
13472,56,0,2336,2392,2392,0,2392,0,0,2,0,3,1,8,1,3,968,248,105,386250
7758,224,0,816,1040,1226,592,1818,0,0,1,1,4,1,7,2,1,240,0,0,169500
13360,713,0,163,876,964,0,964,1,0,1,0,2,1,5,0,2,432,0,0,163500
7758,588,0,411,999,999,0,999,1,0,1,0,3,1,6,0,1,264,0,132,132500
7560,369,0,671,1040,1040,0,1040,0,0,1,0,3,1,6,0,1,286,140,0,133700
6820,368,1120,0,1488,1502,0,1502,1,0,1,1,1,1,4,0,2,528,0,54,212000
8926,0,0,672,672,960,0,960,0,0,1,0,3,1,5,0,1,288,64,0,112000
5925,168,0,739,907,1131,0,1131,0,0,1,0,2,1,7,0,2,672,0,72,89471
6000,397,0,706,1103,1103,0,1103,0,0,1,0,2,1,5,1,2,440,166,120,110500
10206,33,0,1530,1563,1563,0,1563,0,0,2,0,3,1,6,1,3,758,144,99,245000
7024,1024,0,108,1132,1132,0,1132,1,0,1,1,2,1,5,0,2,451,252,64,176000
8925,16,0,1450,1466,1466,0,1466,0,0,2,0,3,1,7,0,3,610,100,18,201000
11333,539,0,490,1029,1062,0,1062,1,0,1,0,3,1,5,2,2,539,120,0,146800
9600,16,0,712,728,832,809,1641,0,1,1,1,3,1,6,1,2,546,0,0,178000
13006,0,0,964,964,993,1243,2236,0,0,2,1,4,1,8,1,2,642,0,0,222000
3950,468,0,350,818,818,406,1224,0,0,1,0,3,1,5,0,1,210,0,0,115000
7134,384,0,0,384,1360,0,1360,0,0,1,0,3,1,6,1,2,572,0,50,130000
5820,256,0,906,1162,1163,0,1163,1,0,1,0,3,1,6,0,1,220,142,98,126175
7500,533,0,281,814,814,860,1674,1,0,2,1,3,1,7,0,2,663,0,96,216000
10800,0,0,641,641,1047,0,1047,0,0,1,0,2,1,6,0,1,273,0,0,100000
11932,0,0,1580,1580,1580,0,1580,0,0,2,0,3,1,7,0,3,830,0,24,235128
11341,1302,0,90,1392,1392,0,1392,1,0,1,1,3,1,5,1,2,528,0,0,121500
1526,515,0,115,630,630,0,630,1,0,1,0,1,1,3,0,1,286,0,0,86000
13125,410,0,390,800,960,780,1740,0,0,1,1,3,1,6,2,1,240,0,0,219500
9742,0,0,1777,1777,1795,0,1795,0,0,2,0,3,1,7,1,2,534,171,159,230000
8470,0,0,1013,1013,1013,0,1526,0,0,1,0,2,1,6,0,0,0,0,0,85000
1680,0,0,672,672,672,546,1218,0,0,1,1,3,1,7,0,0,0,201,0,91500
9600,220,0,625,845,893,0,893,0,1,1,0,2,1,4,0,2,576,0,0,135000
8777,0,0,0,0,1126,0,1126,0,0,2,0,2,1,5,0,2,520,0,96,108000
11361,644,0,549,1193,1523,0,1523,0,1,2,0,3,1,7,1,2,478,0,0,180000
1953,309,0,174,483,483,504,987,0,0,1,1,2,1,5,0,1,264,72,0,83000
7200,0,0,0,0,1040,0,1040,0,0,1,0,2,1,4,0,2,420,0,29,109900
12205,568,0,264,832,976,1111,2087,0,0,2,1,5,1,9,0,2,444,133,168,187500
10134,0,0,735,735,735,299,1034,0,0,1,0,2,1,5,0,1,240,0,39,109000
2280,311,0,544,855,855,601,1456,0,0,2,1,3,1,7,1,2,440,26,0,146000
9100,0,0,1212,1212,1212,0,1212,0,0,2,0,3,1,6,0,2,573,356,0,178000
10041,789,0,119,908,927,988,1915,1,0,2,1,3,1,8,1,2,506,120,150,220000
12134,427,0,132,559,1080,672,1752,0,0,2,0,4,1,8,0,2,492,325,12,164000
10437,1696,0,413,2109,2113,0,2113,1,0,2,1,2,1,7,1,3,839,236,46,350000
8393,528,0,1098,1626,1712,0,1712,0,0,2,0,4,2,8,0,2,588,272,54,145000
8520,168,546,0,714,1664,862,2526,0,0,2,0,5,1,10,1,1,216,88,15,136000
9000,0,0,780,780,780,595,1375,0,0,1,1,3,1,6,1,1,544,0,162,141000
13682,0,0,1410,1410,1426,1519,2945,0,0,3,1,3,1,10,1,3,641,192,0,438780
8430,616,0,424,1040,1040,0,1040,0,0,2,0,3,1,5,0,0,0,0,0,124000
13053,0,0,833,833,1053,795,1848,0,0,1,1,4,1,8,1,2,370,0,0,207000
10261,0,0,936,936,962,830,1792,1,0,2,1,3,1,8,1,2,451,0,0,186500
8125,0,0,770,770,778,798,1576,0,0,2,1,3,1,6,0,2,614,0,50,197000
12095,564,0,563,1127,1445,0,1445,0,0,1,1,3,1,7,1,2,645,180,0,158000
5700,0,0,572,572,572,539,1111,0,0,1,0,2,1,5,1,1,288,0,0,116900
2665,548,173,36,757,925,550,1475,0,0,2,0,4,1,6,1,1,336,104,26,127000
13518,0,0,1926,1926,1966,1174,3140,0,0,3,1,4,1,11,2,3,820,144,78,485000
7313,1153,0,408,1561,1561,0,1561,1,0,2,0,2,1,6,1,2,556,203,47,277500
9828,584,0,544,1128,1142,878,2020,0,0,2,1,3,1,8,1,2,466,0,155,239500
9819,1567,0,0,1567,1567,0,1567,1,0,2,0,2,1,5,2,2,714,264,32,196000
9750,400,480,100,980,980,0,980,0,0,2,0,3,1,6,0,1,384,68,0,135500
11435,0,0,792,792,792,725,1517,0,0,1,0,3,1,7,2,2,400,0,0,230000
8640,822,0,78,900,932,920,1852,1,0,2,1,3,1,7,1,2,644,168,108,252678
11600,565,0,818,1383,1383,0,1383,0,0,1,1,3,1,7,0,1,292,0,45,145250
13695,646,0,468,1114,1114,0,1114,1,0,1,1,3,1,6,0,2,576,0,102,159000
10140,0,0,1064,1064,1350,0,1350,0,0,2,0,3,1,7,1,2,478,0,0,165000
12886,444,0,76,520,1464,0,1464,0,1,2,0,3,1,6,1,2,480,302,0,175000
10083,833,0,343,1176,1200,0,1200,1,0,2,0,2,1,5,0,2,555,0,41,184900
7050,738,0,319,1057,1057,872,1929,1,0,2,1,3,1,7,1,2,650,0,235,226000
11103,0,0,728,728,728,728,1456,0,0,2,1,3,1,8,1,2,440,0,0,155835
8000,0,0,1800,1800,1800,0,1800,0,0,2,0,6,2,10,0,0,0,0,0,141000
9991,1116,0,165,1281,1620,0,1620,1,0,2,0,3,1,8,1,2,490,120,78,150000
9858,510,0,354,864,874,0,874,1,0,1,0,3,1,5,0,1,288,33,0,130000
9000,64,0,1120,1184,1184,1426,2610,0,0,2,1,4,1,11,1,2,550,208,364,303477
13517,533,0,192,725,725,754,1479,0,0,2,1,3,1,6,0,2,475,0,44,130500
13474,700,0,0,700,1122,1121,2243,1,0,2,1,4,1,8,1,3,746,127,44,225000
7082,0,0,686,686,948,980,1928,0,0,2,0,5,2,10,0,0,0,0,0,160000
13005,692,0,153,845,1153,1200,2353,1,0,2,1,4,1,10,1,2,484,288,195,260000
3072,0,0,1375,1375,1414,0,1414,0,0,2,0,2,1,6,1,2,398,144,20,178740
7200,631,0,410,1041,1125,0,1125,1,0,1,0,3,1,6,1,1,352,296,0,125000
7728,803,0,303,1106,1190,0,1190,1,0,1,0,3,1,6,0,2,540,0,18,132500
8198,720,0,638,1358,1358,0,1358,1,0,2,0,2,1,6,1,2,484,192,30,207000
6762,686,0,501,1187,1208,0,1208,1,0,2,0,2,1,6,0,2,632,105,61,206000
4438,662,0,186,848,848,0,848,1,0,1,0,1,1,4,1,2,420,140,0,144500
8530,0,0,384,384,804,670,1474,0,0,2,1,3,1,7,1,2,400,120,72,168500
10800,0,0,482,482,1221,691,1912,0,0,2,0,3,2,7,1,2,672,0,25,163000
7795,425,0,291,716,716,716,1432,1,0,2,1,3,1,6,1,2,432,100,51,188500
14054,0,0,879,879,879,984,1863,0,0,2,1,4,1,9,1,3,660,100,17,219210
9900,0,0,1008,1008,1178,1032,2210,0,0,2,0,5,1,8,0,1,205,0,48,117500
8993,0,0,1302,1302,1302,0,1302,0,0,2,0,3,1,6,0,2,436,0,22,176485
16259,0,0,1249,1249,1249,1347,2596,0,0,3,1,4,1,9,0,3,840,240,154,342643
8400,0,0,1319,1319,1537,0,1537,1,0,1,1,3,1,7,1,2,462,0,36,174000
13159,0,0,846,846,846,846,1692,0,0,2,1,3,1,6,0,2,650,208,114,224500
3378,0,0,651,651,707,682,1389,0,0,1,1,3,1,6,2,1,240,0,0,135000
6180,0,0,960,960,986,0,986,0,0,1,0,2,1,5,1,1,180,0,128,102000
11414,0,0,728,728,1136,883,2019,0,0,1,0,3,1,8,0,2,532,509,135,167500
10593,919,0,801,1720,1720,0,1720,1,0,2,0,3,1,7,1,2,527,240,56,260400
9439,324,0,588,912,912,336,1248,0,0,1,0,2,1,6,0,1,160,0,0,87000
7820,0,0,1869,1869,1869,0,1869,0,0,2,0,2,1,6,1,2,617,210,54,318061
10859,0,0,1097,1097,1097,0,1097,0,0,1,1,3,1,6,0,2,672,392,64,145000
2628,0,0,764,764,764,862,1626,0,0,2,1,2,1,6,0,2,474,0,27,175500
1680,330,0,153,483,483,504,987,1,0,1,1,2,1,5,0,1,264,0,0,100000
10000,1084,0,92,1176,1178,0,1178,0,1,1,1,3,1,5,1,2,439,224,0,157000
10402,0,0,1226,1226,1226,0,1226,0,0,2,0,3,1,6,0,3,740,0,36,198900
14364,1065,0,92,1157,1180,882,2062,1,0,2,1,3,1,7,1,2,454,60,55,277000
7200,0,0,1293,1293,1301,0,1301,1,0,2,0,2,1,5,1,2,572,216,121,187750
11844,0,0,2046,2046,2046,0,2046,0,0,2,1,3,1,7,1,3,834,322,82,372500
7100,708,0,108,816,816,0,816,1,0,1,0,2,1,5,0,1,308,0,0,129900
12327,1441,0,55,1496,1496,636,2132,1,0,1,1,1,1,5,1,2,612,349,40,316600
7800,603,0,293,896,1112,896,2008,1,0,3,0,3,1,8,0,1,230,103,0,225000
8640,0,0,1372,1372,1372,0,1372,0,0,2,0,3,1,6,0,2,529,0,140,250580
10237,28,0,1288,1316,1316,0,1316,0,0,2,0,3,1,6,1,2,397,100,0,169990
1680,358,0,125,483,483,504,987,0,0,1,1,2,1,5,0,1,264,0,0,89500
53107,985,0,595,1580,1079,874,1953,1,0,2,1,3,1,9,2,2,501,216,231,240000
7950,535,0,155,690,698,728,1426,0,0,1,1,3,1,6,0,2,440,252,0,159500
4058,584,139,0,723,767,0,767,1,0,1,0,1,1,4,0,1,367,120,40,133000
8960,0,0,1008,1008,1028,0,1028,0,0,1,0,2,1,5,1,2,360,0,0,115000
1680,231,0,399,630,630,672,1302,0,0,2,1,3,1,6,0,1,264,185,0,119500
8400,712,0,761,1473,1484,0,1484,1,0,2,0,3,1,7,0,2,606,0,35,213000
5000,0,0,540,540,889,551,1440,0,0,1,0,3,1,6,0,1,352,0,0,79000
6300,0,0,742,742,742,742,1484,0,0,2,0,3,1,9,1,0,0,0,291,128000
8280,0,0,932,932,932,0,932,0,0,1,0,2,1,4,1,1,306,0,0,124000
8246,188,668,204,1060,1060,0,1060,1,0,1,0,3,1,6,1,1,270,406,90,154000
7259,774,150,104,1028,1436,884,2320,1,0,2,1,3,1,9,1,1,180,224,0,259500
26178,965,0,245,1210,1238,1281,2519,1,0,2,1,4,1,9,2,2,628,320,27,335000
10768,1157,0,280,1437,1437,0,1437,1,0,2,0,3,1,6,1,2,528,0,21,218000
10246,648,0,0,648,960,0,960,1,1,0,0,0,1,3,0,1,364,88,0,145000
6000,308,0,620,928,928,0,928,0,0,1,0,3,1,5,0,1,288,0,0,112500
13350,762,0,102,864,894,0,894,1,0,1,0,3,1,5,1,2,440,241,0,142500
5500,0,0,882,882,882,0,882,0,0,1,0,1,1,4,0,0,0,0,0,103200
9750,0,0,1630,1630,1630,0,1630,0,0,2,0,3,1,6,1,2,451,74,234,213000
6270,284,0,717,1001,1001,1001,2002,0,0,2,0,4,2,8,0,3,871,0,0,145000
9179,633,0,240,873,882,908,1790,1,0,2,1,3,1,7,0,2,588,0,88,193000
7207,696,0,162,858,858,0,858,1,0,1,0,2,1,4,0,0,0,117,0,116500
10656,0,0,1638,1638,1646,0,1646,0,0,2,0,3,1,6,1,3,870,192,80,248900
13891,1400,0,310,1710,1710,0,1710,1,0,2,0,2,1,6,1,3,866,0,102,372402
7390,902,0,196,1098,1098,0,1098,1,0,1,0,3,1,6,0,1,260,0,0,135000
8012,165,841,598,1604,1617,0,1617,1,0,2,0,2,1,5,1,2,533,0,69,193000
7560,504,0,525,1029,1339,0,1339,0,0,1,0,3,1,6,0,1,294,0,0,139000
10382,859,32,216,1107,1107,983,2090,1,0,2,1,3,1,7,2,2,484,235,204,200000
18030,152,469,977,1598,1636,971,3086,0,0,3,0,3,1,12,1,0,0,122,0,200500
9150,371,0,728,1099,1431,0,1431,0,1,1,0,3,1,6,1,1,296,64,110,165000
11340,0,0,1200,1200,1200,0,1200,0,0,1,0,4,1,7,0,1,312,0,0,125000
8125,0,0,813,813,822,843,1665,0,0,2,1,3,1,7,0,2,562,0,0,205950
10000,0,0,1588,1588,1588,0,1588,0,0,2,0,3,1,7,1,3,825,144,45,227000
4274,1106,0,135,1241,1241,0,1241,1,0,1,1,1,1,4,0,2,569,0,116,199900
9375,739,0,318,1057,1057,977,2034,1,0,2,1,3,1,8,0,2,645,576,36,219500
32668,1219,0,816,2035,2515,0,2515,1,0,3,0,4,2,9,2,2,484,0,0,200624
11216,0,0,1489,1489,1489,0,1489,0,0,2,0,3,1,7,1,2,776,0,140,232600
8700,776,0,344,1120,1128,0,1128,1,0,2,0,3,1,6,0,2,525,192,20,155000
9100,1400,0,125,1525,1525,0,1525,1,0,2,0,3,1,6,0,2,541,219,36,235000
13346,728,0,367,1095,1166,1129,2295,1,0,2,1,4,1,9,1,2,590,0,40,268000
8263,0,0,1012,1012,1012,0,1012,0,0,1,0,2,1,6,1,1,308,0,22,118400
8072,746,0,244,990,990,0,990,1,0,1,0,3,1,5,0,2,480,0,64,138000
16659,795,0,0,795,1468,795,2263,1,0,2,1,3,1,9,1,2,539,0,250,235000
4456,0,0,736,736,736,716,1452,0,0,2,0,2,3,8,0,0,0,0,0,113000
3880,329,0,357,686,866,0,866,0,0,1,0,2,1,4,0,0,0,58,42,110500
10357,738,0,172,910,1442,0,1442,1,0,2,0,3,1,6,1,2,719,0,244,179900
3136,0,0,1405,1405,1405,0,1405,0,0,2,0,2,1,6,1,2,478,148,36,171750
4571,0,0,624,624,624,720,1344,0,0,1,0,4,1,7,0,3,513,0,0,98000
11988,777,0,467,1244,1244,0,1244,0,0,1,1,3,1,6,2,1,336,0,40,150000
7930,439,472,115,1026,1026,0,1026,1,0,1,0,3,1,5,0,2,440,171,48,156000
14442,1186,0,291,1477,1839,0,1839,1,0,2,0,3,1,7,2,2,416,0,87,257500
21750,0,0,0,0,1771,0,1771,0,0,1,0,3,1,9,1,2,336,0,0,115000
16381,1110,0,734,1844,1844,0,1844,1,0,2,0,3,1,7,1,2,540,0,73,223000
8800,532,144,364,1040,1040,0,1040,0,0,2,0,3,1,5,0,2,484,0,0,150500
4928,120,0,958,1078,958,0,958,0,0,2,0,2,1,5,1,2,440,0,205,128000
13758,902,0,254,1156,1187,530,1717,0,0,2,1,3,1,7,1,2,400,168,36,187500
10880,1040,0,124,1164,1164,0,1164,1,0,1,0,3,1,5,0,1,240,0,48,125000
10200,783,0,678,1461,1509,0,1509,1,0,2,0,3,1,5,1,2,600,224,0,175000
11500,0,0,0,0,845,0,845,0,0,1,0,3,1,5,0,1,290,186,0,84000
12000,275,0,429,704,860,704,1564,0,0,1,1,3,1,7,1,1,234,0,0,174500
11003,765,0,252,1017,1026,981,2007,1,0,2,1,3,1,10,1,3,812,168,52,310000
5684,0,0,813,813,813,0,813,0,0,1,0,2,1,5,0,1,270,0,113,110000
13072,0,0,1141,1141,1141,0,1141,0,0,1,1,3,1,6,0,2,484,0,0,142500
11500,223,0,794,1017,1020,1037,2057,0,0,1,1,3,1,6,1,1,180,0,0,250000
9937,830,290,136,1256,1256,0,1256,1,0,1,1,3,1,6,0,1,276,736,68,147500
13031,592,0,99,691,691,807,1498,0,0,2,1,3,1,6,1,2,409,315,44,187500
11600,443,0,662,1105,1105,1169,2274,0,0,2,0,5,2,12,0,2,480,0,0,154300
4043,559,0,510,1069,1069,0,1069,0,0,2,0,2,1,4,0,2,440,0,55,140000
11475,550,0,163,713,811,741,1552,1,0,2,1,3,1,6,1,2,434,209,208,179900
17503,0,0,912,912,912,546,1458,0,1,1,0,3,1,6,1,1,330,192,0,97500
11050,904,0,536,1440,1476,677,2153,1,0,2,1,3,1,8,2,3,736,253,142,313000
15611,767,93,266,1126,1126,0,1126,0,1,2,0,3,1,6,0,2,540,180,0,175000
10762,694,0,284,978,1005,978,1983,0,0,2,1,3,1,9,1,2,490,0,0,225000
8777,0,0,796,796,796,0,796,0,0,1,0,2,1,4,0,0,0,328,0,85000
8532,1213,0,84,1297,1297,0,1297,0,1,1,0,3,1,5,1,2,498,0,0,153000
10120,740,0,425,1165,1203,1323,2526,1,0,2,1,4,1,8,1,3,844,309,78,290000
11200,1258,0,40,1298,1298,0,1298,1,0,2,0,3,1,5,1,2,403,165,26,180000
9130,400,64,336,800,800,832,1632,0,1,1,1,4,1,7,0,2,484,0,40,173000
8791,503,0,361,864,864,864,1728,0,0,2,1,3,1,7,0,2,673,216,56,207500
7800,312,600,0,912,912,0,912,0,0,1,0,2,1,5,0,1,288,0,0,115000
8366,0,0,798,798,798,842,1640,0,0,2,1,3,1,6,0,2,520,138,45,173000
1533,553,0,77,630,630,0,630,1,0,1,0,1,1,3,0,0,0,0,0,92000
8400,0,0,650,650,888,676,1564,0,0,2,1,3,1,7,1,2,476,0,50,171000
17120,0,0,0,0,1120,468,1588,0,0,2,0,4,1,7,1,2,680,0,59,134432
8544,0,0,1228,1228,1228,0,1228,0,0,1,1,3,1,6,0,1,271,0,65,149350
14450,0,0,2121,2121,2121,0,2121,0,0,2,1,3,1,8,1,3,732,124,98,415298
10791,0,0,0,0,1296,0,1296,0,0,2,0,2,2,6,0,2,516,0,0,90000
9000,0,0,896,896,896,896,1792,0,0,2,2,4,2,8,0,0,0,32,45,136000
10267,210,606,0,816,838,0,838,1,0,1,0,2,1,5,0,1,275,0,0,130000
5500,234,692,0,926,926,0,1316,1,0,1,0,3,1,6,0,2,484,0,0,130000
10215,492,0,372,864,948,0,948,0,0,1,0,3,1,5,0,1,248,0,0,111000
8872,595,0,317,912,912,0,912,1,0,1,0,2,1,5,0,2,576,0,240,147000
8562,383,0,833,1216,1526,0,1526,0,0,1,0,4,1,7,1,1,364,116,78,144500
36500,812,0,812,1624,1582,0,1582,0,1,2,0,4,1,7,0,2,390,168,198,190000
20781,297,68,1203,1568,2156,0,2156,0,0,2,0,3,1,9,1,2,508,0,80,262500
9600,120,0,736,856,1112,556,1668,0,0,1,1,3,1,6,0,1,271,0,0,140000
9600,0,0,264,264,768,664,1432,0,0,2,0,2,1,7,0,2,360,270,0,132000
14762,0,0,0,0,1547,720,2320,0,0,2,0,2,1,7,1,2,672,120,144,169000
8400,0,0,721,721,841,0,841,0,0,1,0,2,1,4,0,1,294,250,0,82000
5250,259,0,425,684,938,1215,2358,0,0,2,0,4,1,8,0,0,0,0,54,122000
1890,495,0,135,630,630,0,630,1,0,1,0,1,1,3,0,0,0,88,0,81000
11235,547,0,504,1051,1382,0,1382,0,0,1,1,3,1,6,1,2,459,0,82,148000
7875,572,0,572,1144,1144,0,1144,1,0,1,0,3,1,6,0,2,456,0,0,139950
9880,522,0,574,1096,1118,0,1118,1,0,1,0,3,1,6,1,1,358,203,0,171000
11457,1005,0,387,1392,1412,0,1412,1,0,2,0,3,1,6,1,2,576,0,0,175000
5400,315,105,420,840,840,534,1374,0,0,1,0,2,1,6,0,1,338,0,0,105000
8536,0,0,1125,1125,1125,0,1125,0,0,1,1,2,1,5,0,2,430,80,64,155000
9350,270,580,452,1302,1302,0,1302,0,1,2,0,3,1,7,0,1,309,333,0,158000
7018,0,0,0,0,1535,0,1535,0,0,2,0,4,2,8,0,2,410,0,0,118964
10420,36,0,1176,1212,1212,0,1212,0,0,2,0,3,1,6,0,2,460,100,22,186000
9549,437,1057,0,1494,1494,0,1494,1,0,1,1,2,1,6,1,2,481,0,30,270000
4251,0,0,625,625,625,625,1250,0,0,2,1,2,1,5,0,2,528,0,54,164700
10927,546,0,512,1058,1058,846,1904,1,0,2,1,3,1,8,1,2,736,179,60,275000
9717,49,1029,0,1078,1078,0,1078,1,0,1,0,2,1,5,0,1,240,366,0,142125
12968,737,0,175,912,912,0,912,1,0,1,0,2,1,4,0,1,352,140,0,144000
6780,490,0,30,520,520,0,754,1,0,1,0,2,1,5,0,0,0,53,0,84500
8125,1138,0,270,1408,1679,0,1679,1,0,2,0,3,1,7,1,2,575,224,42,193500
2522,0,0,970,970,970,739,1709,0,0,2,0,3,1,7,0,2,380,0,40,137500
8163,748,294,102,1144,1144,0,1144,1,0,1,0,3,1,6,1,1,796,86,0,143000
13891,0,0,1734,1734,1734,1088,2822,0,0,3,1,4,1,12,1,3,1020,52,170,582933
11241,578,0,426,1004,1004,0,1004,1,0,1,0,2,1,5,1,2,480,0,0,149000
6120,0,0,264,264,800,0,800,0,0,1,0,1,1,4,1,0,0,0,0,60000
8125,614,0,244,858,858,0,858,0,0,1,0,3,1,5,0,0,0,0,0,88000
9230,661,0,203,864,1200,0,1200,1,0,1,1,1,1,6,0,2,884,0,64,146000
11952,0,0,808,808,1161,808,1969,0,0,2,1,3,1,8,1,2,534,0,0,190000
9101,1097,0,0,1097,1110,0,1110,1,0,1,0,1,1,4,1,2,602,303,30,165500
12420,666,0,278,944,944,896,1840,1,0,2,1,3,1,6,0,2,622,0,45,230000
10920,733,0,520,1253,1253,0,1253,1,0,1,1,2,1,5,1,1,352,0,213,157000
11248,1059,0,567,1626,1668,0,1668,1,0,2,0,3,1,7,1,3,702,257,45,285000
5000,218,0,808,1026,1026,665,1691,0,0,2,0,3,1,6,1,1,308,0,0,127000
12589,0,0,742,742,742,742,1484,0,0,2,1,3,1,8,1,2,390,36,24,174000
9986,0,0,1795,1795,1795,0,1795,0,0,2,0,2,1,7,1,3,895,0,49,147000
11900,1040,0,352,1392,1392,0,1392,1,0,1,1,3,1,6,2,2,458,0,0,166000
8400,187,627,0,814,913,0,913,1,0,1,0,3,1,6,0,1,240,0,0,129000
10264,1162,0,426,1588,1588,0,1588,0,0,2,0,3,1,6,0,2,472,158,29,214000
8029,0,0,728,728,728,728,1456,0,0,2,1,3,1,8,0,2,400,100,24,176000
53504,1416,0,234,1650,1690,1589,3279,1,0,3,1,4,1,12,1,3,841,503,36,538000
12144,375,0,457,832,1036,0,1268,0,0,1,0,3,1,6,1,1,288,0,28,133000
13500,0,0,1237,1237,1521,1254,2775,0,0,3,1,3,1,9,1,2,880,105,502,325000
20896,1721,0,356,2077,2097,0,2097,1,0,1,1,1,1,8,1,3,1134,192,267,423000
11425,486,0,522,1008,1008,0,1008,0,0,1,0,2,1,4,1,1,275,0,0,137000
7449,0,0,637,637,1108,0,1108,0,0,1,0,3,1,6,1,1,280,0,0,139400
8450,553,117,224,894,894,0,894,1,0,1,0,3,1,5,1,1,336,416,144,138500
8520,0,0,968,968,968,0,968,0,0,1,0,2,1,5,0,2,480,0,0,100000
9790,569,81,678,1328,1328,0,1328,1,0,1,1,3,1,6,2,2,528,0,26,143000
11049,0,0,1234,1234,1234,0,1234,0,0,2,0,3,1,7,0,2,484,0,30,179900
11475,0,0,1584,1584,1776,0,1776,1,0,2,0,4,2,9,0,3,888,0,25,110000
9738,392,0,392,784,949,272,1221,1,0,1,0,4,1,7,0,1,392,0,0,104900
8200,0,0,847,847,847,1081,1928,0,0,2,1,4,1,8,1,2,434,100,48,219500
1477,509,0,121,630,630,0,630,1,0,1,0,1,1,3,0,1,286,0,0,80000
18890,498,211,652,1361,1361,1259,2620,0,0,2,2,4,2,12,1,2,600,155,24,190000
9187,1121,0,645,1766,1766,0,1766,1,0,2,1,2,1,7,1,3,478,195,130,370878
11885,990,0,309,1299,1299,573,1872,1,0,2,1,3,1,7,1,2,531,160,122,261500
32463,1159,0,90,1249,1622,0,1622,1,0,1,0,3,1,7,1,4,1356,439,0,168000
7200,660,0,108,768,768,0,768,0,1,1,0,2,1,5,0,1,396,192,0,133900
9453,402,0,594,996,1014,730,1744,0,0,2,1,3,1,7,0,2,457,370,70,194500
13673,0,0,1140,1140,1696,0,1696,0,0,1,1,3,1,8,1,1,349,0,30,143900
7931,374,532,363,1269,1269,0,1269,0,0,1,1,3,1,6,1,1,308,0,0,155000
19900,912,0,1035,1947,2207,0,2207,1,0,2,0,3,1,7,1,2,576,301,0,180000
5587,1480,0,120,1600,1652,0,1652,1,1,2,0,2,1,5,1,2,482,162,53,392500
14000,0,0,1092,1092,1152,0,1152,0,1,1,0,3,1,6,1,1,300,0,36,158500
10625,108,0,350,458,835,0,835,0,0,1,0,2,1,5,0,1,366,0,0,83000
6240,0,0,816,816,816,0,1176,0,0,1,0,3,1,6,1,2,528,112,0,114500
7018,1086,0,0,1086,1224,0,1224,2,0,0,2,2,2,6,2,2,528,120,0,153337
6435,0,0,972,972,972,605,1577,0,0,1,0,3,1,6,1,1,312,0,0,140200
3951,0,0,612,612,612,612,1224,0,0,2,1,2,1,4,0,2,528,0,234,164500
11606,650,0,390,1040,1040,1040,2080,0,1,1,2,5,1,9,2,2,504,335,0,135000
9180,747,93,0,840,884,0,884,1,0,1,0,2,1,5,0,2,504,240,0,144000
6342,0,0,780,780,780,240,1020,0,0,1,0,2,1,6,0,0,0,0,0,94000
8400,643,0,167,810,810,855,1665,1,0,2,1,3,1,6,0,2,528,0,45,227000
7200,0,0,803,803,803,557,1360,0,0,1,1,2,1,6,0,1,297,0,65,125500
14215,0,0,1158,1158,1158,1218,2376,0,0,3,1,4,1,9,1,3,853,240,154,325300
6442,24,0,1346,1370,1370,0,1370,0,0,2,0,2,1,6,1,2,484,120,49,202500
7000,617,0,0,617,865,445,1310,0,0,2,0,2,1,6,0,1,398,0,0,112000
8973,567,28,413,1008,1053,0,1053,0,1,1,1,3,1,6,0,2,750,0,80,150000
6000,616,0,0,616,616,0,616,0,0,1,0,2,1,4,0,1,205,0,0,89000
11717,0,0,1442,1442,1442,0,1442,0,0,2,0,2,1,6,1,2,615,371,0,185000
10778,0,0,1768,1768,1768,0,1768,0,0,2,0,4,2,8,0,0,0,0,0,136500
9069,747,0,189,936,996,0,996,1,0,1,0,2,1,5,0,2,564,120,0,147000
9587,655,0,201,856,1166,0,1166,1,0,2,0,2,1,5,0,2,400,212,0,190000
8520,507,0,403,910,910,475,1385,0,0,2,0,4,1,6,0,2,720,0,0,166000
16669,0,0,1686,1686,1707,0,1707,0,0,2,1,2,1,6,1,2,511,574,64,228000
9375,0,0,1053,1053,1053,939,1992,0,0,2,1,3,1,9,1,2,648,140,45,250000
9503,457,374,193,1024,1344,0,1344,1,0,1,0,2,1,6,1,1,484,316,28,144000
7861,457,0,326,783,807,702,1509,1,0,2,1,3,1,7,1,2,393,100,75,183200
7056,400,0,380,780,983,813,1796,1,0,1,1,4,1,8,1,2,483,0,50,140000
5062,828,182,180,1190,1190,900,2090,1,0,2,0,3,1,6,1,2,577,219,0,207500
9764,702,0,192,894,894,0,894,1,0,1,0,3,1,5,0,2,450,0,0,130000
1680,162,0,321,483,483,504,987,0,0,1,1,2,1,5,0,1,264,250,0,118000
7945,179,506,465,1150,1150,0,1150,1,0,1,0,3,1,6,0,1,300,0,0,141000
10382,513,0,75,588,1095,0,1095,1,0,1,0,2,1,6,0,1,264,0,0,140000
10918,0,0,1276,1276,1276,804,2080,0,0,1,1,3,1,9,2,1,282,0,0,234000
15870,75,791,230,1096,1096,0,1096,1,0,1,0,3,1,6,0,1,299,240,32,138800
4426,697,0,151,848,848,0,848,1,0,1,0,1,1,3,1,2,420,149,0,149300
12328,539,0,473,1012,1034,0,1034,1,0,1,0,3,1,6,0,3,888,0,0,169900
10500,524,180,160,864,864,0,864,0,0,1,0,2,1,4,0,2,576,216,0,97000
9350,633,0,586,1219,1265,0,1265,0,1,2,0,3,1,6,1,2,502,0,92,179900
10480,403,0,400,803,1098,866,1964,0,0,2,1,4,1,8,1,2,483,0,69,205000
10400,247,0,485,732,1012,778,1790,1,0,1,2,4,1,8,1,2,484,148,0,165150
9000,812,0,124,936,1128,0,1128,0,0,1,0,2,1,5,0,1,286,0,0,118000
1869,321,0,162,483,483,504,987,0,0,1,1,2,1,5,0,1,280,0,0,106000
7879,495,0,225,720,720,0,720,0,0,1,0,2,1,4,0,0,0,0,523,34900
6762,664,0,544,1208,1208,0,1208,1,0,2,0,2,1,6,0,2,628,105,54,195400
11275,0,0,710,710,1898,1080,2978,0,0,2,1,5,1,11,1,2,564,240,0,242000
3982,1154,0,366,1520,1567,0,1567,1,0,2,0,1,1,7,1,3,648,312,0,264561
8800,553,0,698,1251,1251,0,1251,1,0,1,0,3,1,6,2,1,461,0,116,160000
10800,626,0,170,796,1096,370,1466,0,1,2,0,3,1,7,1,2,566,436,21,170000
16196,1443,0,39,1482,1494,0,1494,1,0,2,0,3,1,5,1,2,514,402,25,215000
10400,0,0,866,866,866,913,1779,0,0,2,1,3,1,6,0,2,546,198,36,197900
7018,0,0,0,0,1535,0,1535,0,0,2,0,4,2,8,0,2,400,0,0,118858
13501,63,0,1560,1623,1636,0,1636,1,0,2,0,3,1,8,1,3,865,0,60,255000
10000,1079,0,141,1220,1220,870,2090,1,0,2,1,3,1,8,1,2,556,0,65,240000
12416,1398,208,0,1606,1651,0,1651,1,0,2,0,3,1,7,1,2,616,192,0,184000
7314,724,0,508,1232,1232,0,1232,1,0,2,0,2,1,6,0,2,632,132,0,194500
21750,0,0,988,988,988,0,988,0,0,1,0,2,1,4,0,2,520,0,0,113000
10005,392,0,768,1160,1156,866,2022,0,0,2,1,4,1,8,1,2,505,288,117,192000
7588,352,0,441,793,901,901,1802,0,0,1,1,4,1,9,1,1,216,0,0,200100
9900,987,0,360,1347,1372,1274,2646,1,0,2,1,4,1,9,1,3,656,340,60,260000
11500,0,0,1680,1680,1680,0,1680,0,0,2,0,4,2,8,0,2,528,0,0,136905
6931,0,0,746,746,760,896,1656,0,0,2,1,3,1,7,1,2,397,178,128,165400
15750,841,0,324,1165,1336,0,1336,1,0,1,0,2,1,5,2,1,375,0,0,157000
7200,510,0,278,788,804,0,804,1,0,1,0,2,1,4,2,1,240,0,0,119000
14559,650,180,178,1008,1363,0,1363,1,0,1,0,2,1,6,2,1,288,324,42,164900
10530,282,35,664,981,981,0,981,1,0,1,1,3,1,5,0,2,576,0,312,143250
7990,0,0,924,924,924,0,924,0,0,1,0,3,1,5,0,1,280,0,0,110000
9100,1332,0,396,1728,1728,0,1728,1,0,2,0,6,2,10,0,2,504,0,0,125000
10728,0,0,1095,1095,1095,844,1939,0,0,2,1,3,1,8,1,3,1053,192,51,266000
12256,1032,0,431,1463,1500,1122,2622,1,0,2,1,3,1,9,2,2,712,186,32,325000
7681,0,0,731,731,820,523,1343,0,0,1,1,3,1,7,1,1,186,192,0,154900
9492,368,41,359,768,968,408,1376,1,0,1,0,3,1,6,1,1,240,0,0,105000
11443,1460,0,408,1868,2028,0,2028,1,0,2,0,2,1,7,2,3,880,326,66,369900
7740,0,0,622,622,741,622,1363,0,0,1,0,3,1,6,0,2,528,0,0,125500
7200,936,0,0,936,936,0,936,1,0,1,0,2,1,4,0,2,672,49,0,140000
9560,360,0,504,864,864,0,864,0,0,1,0,3,1,5,0,1,288,0,0,128500
10530,975,0,0,975,1004,0,1004,1,0,1,0,2,1,4,0,2,504,0,0,135000
5000,399,0,605,1004,1004,660,1664,0,0,2,0,3,1,7,2,2,420,0,24,159000
6000,0,0,698,698,786,390,1176,0,0,1,0,2,1,4,0,2,624,210,0,134900
9500,442,0,374,816,1127,850,1977,0,1,1,1,4,1,9,1,2,540,0,52,165000
8125,812,0,280,1092,1112,438,1550,1,0,2,0,2,1,7,0,2,438,0,168,241000
15306,80,0,1652,1732,1776,0,1776,1,0,2,0,3,1,7,1,3,712,0,0,283463
5000,116,0,604,720,803,0,803,0,0,1,0,2,1,5,0,2,360,0,0,87000
9360,982,0,179,1161,1381,0,1381,1,0,1,1,3,1,5,1,2,676,0,0,197500
11287,421,0,386,807,1175,807,1982,0,0,2,1,3,1,7,1,2,575,0,84,228500
2592,129,232,175,536,536,576,1112,0,0,1,1,3,1,4,0,1,336,182,0,85000
2280,549,0,195,744,757,744,1501,0,0,2,1,3,1,6,0,2,440,0,0,179400
14774,0,0,1393,1393,1422,1177,2599,0,0,2,1,4,1,10,1,3,779,668,30,333168
4500,897,0,319,1216,1216,0,1216,1,0,2,0,2,1,5,0,2,402,0,125,164000
8004,544,0,288,832,832,1103,1935,1,0,2,1,3,1,8,0,2,552,0,150,263435
6000,0,0,936,936,936,0,936,0,0,1,0,2,1,4,0,2,576,0,32,93000
1680,317,0,355,672,672,546,1218,0,1,1,1,3,1,7,0,1,264,0,28,118000
14157,1249,0,673,1922,1922,0,1922,1,0,2,0,3,1,8,1,3,676,178,51,377426
7700,138,468,276,882,882,0,882,1,0,1,0,3,1,5,0,2,461,96,0,112500
8335,0,0,0,0,1124,0,1124,0,0,1,0,3,1,5,1,0,0,0,36,93000
12552,222,0,769,991,991,956,1947,0,0,2,1,3,1,8,1,2,678,0,136,254900
11764,524,0,628,1152,1164,1106,2270,0,0,2,1,4,1,9,1,3,671,132,57,290000
12137,0,0,1649,1649,1661,0,1661,0,0,2,0,3,1,6,0,2,598,0,34,224900
13284,1064,0,319,1383,1383,0,1383,1,0,1,0,3,1,6,1,1,354,511,116,165000
8800,763,0,173,936,1054,0,1054,1,0,1,0,3,1,6,0,2,480,120,0,137500
4400,0,0,648,648,734,384,1118,0,0,1,0,2,1,6,0,2,440,0,0,116000
14601,1260,0,578,1838,1838,0,1838,1,0,2,0,2,1,8,1,3,765,270,68,315000
4045,1070,0,286,1356,1500,0,1500,1,0,2,0,2,1,6,1,3,648,161,20,246578
9600,0,0,702,702,842,630,1472,0,0,1,0,3,1,6,0,1,250,0,0,125000
9125,0,0,384,384,812,670,1482,0,0,2,1,3,1,7,1,2,392,100,25,163900
8475,228,0,724,952,952,0,952,0,0,1,0,2,1,4,0,1,283,0,0,135750
9477,340,0,524,864,892,0,892,0,0,1,0,3,1,5,0,1,264,0,0,110000
8760,464,0,927,1391,1391,571,1962,0,0,2,1,3,1,7,0,3,868,0,90,239799
164660,1249,147,103,1499,1619,167,1786,2,0,2,0,3,1,7,2,2,529,670,0,228950
8480,442,0,390,832,832,384,1216,0,0,1,0,2,1,6,0,1,336,158,0,118500
9650,686,0,664,1350,1334,0,1334,0,1,2,0,2,1,6,1,2,630,0,16,167900
8190,732,0,216,948,948,0,948,1,0,1,0,3,1,5,1,1,280,0,36,119000
12394,0,0,847,847,847,886,1733,0,0,2,1,3,1,7,1,2,433,100,48,225000
28698,249,764,0,1013,1160,966,2126,0,1,2,1,3,1,7,0,2,538,486,0,185000
13600,454,0,314,768,1186,800,1986,0,0,2,1,3,1,7,3,2,486,0,42,205000
11911,0,0,684,684,684,876,1560,0,0,2,1,3,1,6,1,2,400,100,38,174000
8385,595,0,390,985,985,0,985,0,0,2,0,3,1,6,0,1,328,210,0,149900
9900,0,0,778,778,944,545,1489,0,0,2,0,3,1,7,1,1,240,335,0,139500
7585,0,0,810,810,1002,454,1456,1,1,1,0,4,1,7,1,1,280,0,0,91500
9236,1200,0,279,1479,1494,0,1494,1,0,2,0,3,1,6,0,2,576,168,27,217000
8281,553,311,0,864,864,0,864,0,0,1,0,3,1,5,1,1,360,0,0,62383
11000,740,230,184,1154,1154,0,1154,0,0,1,1,3,1,6,1,2,480,0,58,154000
12665,0,0,1094,1094,1133,1349,2482,0,0,2,1,4,1,9,1,3,642,144,39,281213
9480,386,0,342,728,888,756,1644,0,0,1,1,3,1,7,2,1,312,168,0,146500
11250,767,0,441,1208,1208,0,1208,1,0,1,1,3,1,6,1,2,546,198,42,165000
7943,903,0,126,1029,1029,0,1029,1,0,1,0,3,1,5,0,1,261,64,0,118500
10020,350,0,333,683,904,0,904,1,0,0,1,1,1,4,0,0,0,0,0,61000
8780,625,0,208,833,833,0,833,1,0,1,0,3,1,5,0,0,0,0,0,112000
10380,28,1474,0,1502,1553,1177,2730,1,0,2,1,4,1,8,1,2,576,201,96,301000
9084,0,0,935,935,955,677,1632,0,0,2,1,3,1,8,1,2,462,0,28,176500
8529,20,0,1434,1454,1434,0,1434,0,0,2,0,3,1,6,1,2,527,290,39,189000
5330,1196,0,298,1494,1652,0,1652,1,0,2,0,2,1,6,0,2,499,96,48,251000
11625,841,0,198,1039,1039,0,1039,1,0,1,1,3,1,6,0,2,504,0,0,131500
10500,349,0,23,372,576,533,1109,0,1,1,0,3,1,5,0,1,288,35,0,139000
10930,580,0,333,913,1048,510,1558,1,0,1,1,3,1,6,1,1,288,0,0,140000
21286,0,0,720,720,720,551,1271,0,0,2,0,4,1,7,1,1,312,0,0,135000
12493,419,306,375,1100,1100,0,1100,1,0,1,0,3,1,6,1,1,312,355,0,141000
11880,704,0,567,1271,1601,0,1601,0,0,2,0,3,1,7,1,2,478,0,0,157000
7200,0,0,0,0,827,0,827,0,0,1,0,2,1,5,1,1,392,0,0,107500
8775,495,0,495,990,990,0,990,0,0,1,0,3,1,5,0,1,299,0,64,126000
7500,410,0,811,1221,1221,0,1221,1,0,2,0,2,1,6,0,2,400,0,113,185000
7800,507,0,286,793,793,325,1118,1,0,1,0,3,1,5,1,2,410,0,0,119900
215245,1236,820,80,2136,2036,0,2036,2,0,2,0,3,1,8,2,2,513,0,0,375000
9000,0,0,1088,1088,1088,871,1959,0,0,2,1,3,1,8,1,3,1025,208,46,270000
6951,658,0,218,876,923,0,923,1,0,1,0,3,1,5,0,1,264,362,0,119500
8712,860,0,132,992,1306,0,1306,1,0,1,0,2,1,5,0,1,756,0,0,153000
12400,585,0,630,1215,1215,0,1215,0,0,1,0,3,1,6,0,1,297,0,0,155000
115149,1219,0,424,1643,1824,0,1824,1,0,2,0,2,1,5,2,2,739,380,48,302000
7350,852,0,100,952,952,0,952,1,0,1,0,2,1,4,0,2,840,0,0,139000
8450,775,0,281,1056,1056,0,1056,1,0,1,0,3,1,6,1,1,304,0,85,142000
5687,210,0,570,780,936,780,1716,1,0,2,0,6,1,9,0,0,0,0,184,135900
7931,1148,0,0,1148,1148,0,1148,1,0,1,0,3,1,6,0,1,672,0,0,132500
9600,0,0,1095,1095,1095,679,1774,1,0,2,0,4,2,8,0,3,779,0,0,87000
10800,789,0,245,1034,1050,1028,2078,1,0,2,1,3,1,8,1,3,836,0,102,339750
8767,24,0,1286,1310,1310,0,1310,0,0,2,0,3,1,6,1,2,400,0,0,164990
8899,24,0,1316,1340,1340,0,1340,0,0,2,0,3,1,6,0,2,396,100,30,181134
10410,0,0,672,672,694,520,1214,0,0,1,0,3,1,6,0,3,936,216,0,105000
12000,144,608,172,924,1122,0,1122,1,0,1,0,2,1,6,0,2,528,0,36,147000
3363,0,0,976,976,976,732,1708,0,0,2,0,3,1,7,0,2,380,0,40,130000
11777,328,551,285,1164,1320,0,1320,1,0,1,0,3,1,6,2,2,564,160,68,164500
8100,0,0,849,849,1075,1063,2138,0,0,2,0,2,3,11,0,2,360,40,156,106000
7406,684,0,515,1199,1220,0,1220,1,0,2,0,2,1,6,0,2,632,105,54,194000
11394,1445,0,411,1856,1856,0,1856,1,0,1,1,1,1,8,1,3,834,113,0,394432
8990,0,0,1498,1498,1498,0,1498,0,0,2,0,2,1,5,0,2,675,351,33,204900
6853,1005,0,262,1267,1296,0,1296,1,0,2,0,2,1,6,0,2,471,192,25,220000
6240,425,0,459,884,959,408,1367,0,0,1,0,3,1,6,1,1,560,0,0,127500
9758,412,287,251,950,950,0,950,0,0,1,0,3,1,5,0,1,280,0,0,119500
10029,831,0,320,1151,1164,896,2060,0,1,2,1,4,1,8,1,2,521,0,228,211000
9000,1078,0,488,1566,1566,0,1566,1,0,2,0,3,1,7,0,2,750,144,168,262500
8593,288,0,619,907,907,0,907,0,0,1,0,3,1,5,0,1,352,0,0,109008
10197,288,374,700,1362,1362,0,1362,1,0,1,1,3,1,6,1,2,504,0,20,163000
10846,1619,0,100,1719,1719,0,1719,2,0,1,1,1,1,6,2,2,473,122,30,324000
11218,0,0,1055,1055,1055,790,1845,0,0,2,1,3,1,8,1,2,462,635,104,189000
12803,922,0,572,1494,1494,0,1494,1,0,2,0,3,1,6,1,2,530,192,36,221000
7200,905,0,357,1262,1262,0,1262,0,0,2,0,2,1,5,0,2,572,0,120,185000
11120,660,0,572,1232,1232,0,1232,0,0,2,0,3,1,6,0,2,516,0,0,162500
10708,379,768,470,1617,1867,0,1867,1,0,1,0,2,1,7,3,1,303,476,0,190000
13837,1002,202,0,1204,1377,806,2183,0,0,2,1,4,1,9,0,3,786,0,0,229000
12182,1201,0,340,1541,1541,0,1541,0,0,2,0,3,1,7,1,2,532,0,70,220000
8500,0,0,793,793,997,520,1517,0,0,2,0,3,1,7,0,0,0,0,0,115000
16737,1447,0,533,1980,1980,0,1980,1,0,2,0,3,1,8,1,3,770,194,45,315000
10434,0,0,1005,1005,1005,0,1005,0,0,1,0,2,1,5,1,2,672,0,0,115000
10356,716,0,253,969,969,0,969,0,0,1,1,3,1,5,0,2,440,0,0,122000
21384,1309,0,15,1324,1072,504,1576,2,0,1,1,3,1,6,1,2,528,0,312,223500
21695,808,0,72,880,1680,0,1680,1,0,2,0,3,1,5,1,2,540,292,44,222000
1920,471,0,294,765,765,600,1365,1,0,1,1,2,1,6,0,2,440,240,36,122500
11900,822,0,564,1386,1411,0,1411,0,0,2,0,3,1,6,1,2,544,192,0,82500
9000,50,0,430,480,480,0,480,1,0,0,0,1,1,4,0,1,308,0,0,35311
6371,733,0,625,1358,1358,0,1358,1,0,2,0,2,1,6,1,2,484,192,35,224000
5381,900,0,406,1306,1306,0,1306,1,0,2,0,1,1,5,1,2,624,170,63,196000
9800,894,0,0,894,894,0,894,1,0,1,0,3,1,5,0,2,552,256,0,149900
9636,0,0,808,808,808,785,1593,0,0,2,1,3,1,7,1,2,389,342,40,178000
11362,1039,0,797,1836,1836,0,1836,1,0,2,0,3,1,7,1,3,862,125,185,280000
10320,0,0,756,756,756,713,1469,0,0,1,0,3,1,7,0,1,216,57,0,135000
14859,0,0,1670,1670,1670,0,1670,0,0,2,0,3,1,7,1,3,690,144,60,240000
7917,0,0,953,953,953,694,1647,0,0,2,1,3,1,7,1,2,460,0,40,175000
10386,1464,0,536,2000,2000,0,2000,1,0,2,0,3,1,8,0,3,888,168,0,305900
9600,504,0,546,1050,1050,0,1050,0,0,1,0,2,1,5,0,1,338,0,0,128900
6600,0,0,994,994,1378,994,2372,0,0,2,0,4,2,11,0,1,432,0,287,107500
10800,0,0,718,718,1576,978,2554,0,0,1,1,3,1,8,0,2,704,0,48,159500
8777,1084,0,188,1272,1272,928,2200,2,0,2,2,4,2,9,0,0,0,0,70,145900
8500,0,0,649,649,649,668,1317,0,0,1,0,3,1,6,0,1,250,0,54,40000
12155,1237,0,420,1657,1657,0,1657,0,1,2,0,3,1,7,1,2,484,0,0,163500
9786,600,0,312,912,1085,649,1734,0,0,1,1,3,1,7,1,2,440,0,0,159000
6240,0,0,1042,1042,1042,534,1576,0,0,1,0,3,1,8,1,1,225,0,0,149000
10475,0,0,1694,1694,1694,0,1694,0,0,2,0,3,1,7,0,3,776,160,33,245350
12665,0,0,876,876,876,540,1416,0,0,1,1,4,1,7,1,3,720,418,0,153900
2544,0,0,600,600,520,623,1223,0,0,2,1,2,1,4,0,2,480,0,166,147400
10226,0,0,1622,1622,1630,0,1630,1,0,2,0,3,1,8,1,3,860,172,42,295493
12227,896,0,434,1330,1542,1330,2872,1,0,2,1,4,1,11,1,2,619,550,282,272000
7301,0,0,0,0,495,1427,1922,0,0,3,0,4,1,7,1,2,672,0,0,198500
9842,0,0,612,612,990,1611,2601,0,0,3,1,4,1,8,0,2,621,183,0,189000
3636,0,0,796,796,796,0,796,0,0,1,0,2,1,5,0,0,0,0,0,55000
14175,988,0,200,1188,1437,0,1437,1,0,1,1,3,1,6,1,2,576,304,0,168000
7630,0,0,360,360,1032,780,1812,0,0,2,0,4,2,8,1,2,672,344,0,140000
35760,1387,0,543,1930,1831,1796,3627,1,0,3,1,4,1,10,1,3,807,361,76,625000
13693,0,0,2153,2153,2069,574,2643,0,0,2,1,3,1,9,1,3,694,414,84,380000
10400,0,0,1304,1304,1682,0,1682,0,0,2,0,3,1,7,1,2,530,98,0,174000
8816,504,0,506,1010,1052,0,1052,1,0,1,0,3,1,6,0,2,440,0,0,155000
9286,196,0,1072,1268,1268,0,1268,0,0,1,1,3,1,5,0,1,252,173,0,143500
4500,1201,0,36,1237,1337,0,1337,1,0,2,0,2,1,5,0,2,405,0,199,153500
9042,828,0,115,943,943,695,1638,1,0,2,1,3,1,7,2,2,472,100,38,192000
5664,1158,0,343,1501,1659,0,1659,1,0,2,0,2,1,5,1,2,499,212,59,278000
7420,417,0,640,1057,1057,0,1057,0,0,1,0,3,1,6,0,2,576,0,0,132000
10852,786,0,173,959,959,712,1671,1,0,2,1,3,1,7,1,2,472,0,38,173000
9240,0,0,1055,1055,1055,1208,2263,0,0,2,1,3,1,7,1,2,905,0,45,287000
10400,929,0,916,1845,1872,0,1872,0,1,2,0,3,1,6,1,2,604,197,39,241500
8012,543,119,261,923,923,0,923,0,0,2,0,2,1,5,1,1,264,80,0,143000
2117,436,0,320,756,769,756,1525,0,0,2,1,3,1,5,1,2,440,0,0,177000
7577,20,0,1342,1362,1362,0,1362,0,0,2,0,2,1,6,1,2,460,192,28,194700
3735,450,0,241,691,713,739,1452,1,0,2,1,3,1,6,0,2,506,0,34,183900
15660,341,0,457,798,1137,817,1954,0,1,1,1,3,1,8,2,2,431,0,119,311500
4060,0,0,864,864,864,0,864,0,0,1,0,2,1,4,0,0,0,0,96,99900
10335,679,0,811,1490,1501,0,1501,1,0,2,0,3,1,6,0,2,577,144,29,204000
8544,0,0,0,0,1040,0,1040,0,0,2,0,2,2,6,0,2,400,0,0,93500
9452,1074,0,322,1396,1407,985,2392,1,0,2,1,3,1,7,1,3,870,0,70,348000
14006,0,0,936,936,936,840,1776,0,0,2,1,3,1,7,1,2,474,144,96,192500
12342,0,0,978,978,1422,0,1422,0,0,1,0,3,1,6,1,1,286,0,0,139900
12244,871,0,611,1482,1482,780,2262,1,0,2,1,4,1,10,2,3,749,168,0,305000
8795,300,0,652,952,980,1276,2256,0,0,2,1,4,1,8,1,2,554,224,54,236000
11096,24,0,1632,1656,1656,0,1656,0,0,2,0,3,1,7,0,3,826,0,146,249700
17043,0,0,1362,1362,1586,0,1586,0,0,2,0,3,1,7,1,2,435,192,0,181000
9000,616,0,248,864,864,0,864,0,0,1,0,3,1,5,0,2,528,0,0,120500
6000,375,0,360,735,869,349,1218,0,1,1,0,3,1,6,1,2,440,0,0,131000
6930,300,294,468,1062,1352,0,1352,0,1,1,0,3,1,6,0,1,288,168,0,130000
21535,1455,0,989,2444,2444,1872,4316,0,1,3,1,4,1,10,2,3,832,382,50,755000
12936,593,0,130,723,735,660,1395,0,1,1,1,3,1,6,1,2,497,294,116,162000
5400,0,0,691,691,691,0,691,0,0,1,0,2,1,4,0,1,216,0,20,86000
10634,428,180,0,608,1319,0,1319,1,0,1,0,3,1,5,0,1,270,66,0,123000
7052,659,0,705,1364,1364,0,1364,1,0,2,0,2,1,6,1,2,484,192,36,185850
12030,0,0,1694,1694,1694,0,1694,0,0,2,0,3,1,7,0,3,818,168,228,318000
17400,936,0,190,1126,1126,0,1126,1,0,2,0,3,1,5,1,2,484,295,41,160000
10784,0,0,384,384,802,670,1472,0,0,2,1,3,1,7,1,2,402,164,0,160000
1974,334,0,212,546,546,546,1092,0,0,1,1,3,1,6,0,1,286,120,96,83500
2645,649,0,321,970,983,756,1739,1,0,2,1,3,1,7,0,2,480,115,0,172500
3182,16,0,1357,1373,1555,0,1555,0,0,2,0,2,1,7,1,2,430,143,20,192500
15498,1165,400,0,1565,2898,0,2898,1,0,2,0,2,1,10,1,2,665,0,72,287000
8212,203,0,661,864,864,0,864,1,0,1,0,2,1,5,0,1,200,0,0,58500
7590,512,0,148,660,660,688,1348,0,0,1,1,3,1,6,1,2,453,188,108,155000
14850,895,0,197,1092,1092,0,1092,1,0,1,0,2,1,6,1,1,299,268,0,141000
13286,1234,0,464,1698,1698,0,1698,1,0,2,0,3,1,8,1,3,768,327,64,320000
1680,0,0,630,630,630,672,1302,0,0,2,1,3,1,6,0,1,280,0,0,112000
16056,240,0,1752,1992,1992,876,2868,0,0,3,1,4,1,11,1,3,716,214,108,556581
3922,0,0,1258,1258,1258,0,1258,0,0,2,0,2,1,6,1,3,648,144,16,172500
7658,456,0,1296,1752,1752,0,1752,1,0,2,0,2,1,6,1,2,576,196,82,319900
8125,0,0,756,756,756,797,1553,0,0,2,1,3,1,6,0,2,615,0,45,186500
10500,432,0,432,864,864,0,864,0,0,1,0,3,1,5,1,0,0,0,0,115000
4388,116,0,556,672,840,0,840,0,0,1,0,3,1,5,1,0,0,0,0,87000
10175,490,0,935,1425,1425,0,1425,0,0,2,0,3,1,7,1,2,576,0,0,180500
50271,1810,0,32,1842,1842,0,1842,2,0,0,1,0,1,5,1,3,894,857,72,385000
7763,504,108,319,931,1283,0,1283,1,0,1,0,3,1,6,0,2,506,0,0,140000
8197,0,0,660,660,1285,0,1285,0,0,1,1,3,1,7,1,2,528,138,0,143500
10680,756,0,1380,2136,2136,0,2136,0,0,2,0,4,1,7,0,2,528,0,30,137900
7264,0,0,952,952,952,596,1548,0,0,2,1,3,1,5,0,2,672,74,0,205000
9675,341,0,772,1113,1113,858,1971,0,0,2,1,3,1,8,1,2,689,0,48,253000
10552,1018,0,380,1398,1700,0,1700,0,1,1,1,4,1,6,1,2,447,0,38,165500
8850,0,0,815,815,815,875,1690,0,0,1,0,3,1,7,1,1,225,0,0,144000
10665,1013,0,440,1453,1479,0,1479,1,0,2,0,3,1,7,0,2,558,144,29,226000
1680,0,0,525,525,525,567,1092,0,0,1,1,3,1,6,0,1,264,0,0,88000
8521,842,0,70,912,912,0,912,0,0,1,0,3,1,5,1,1,336,0,0,125000
5400,0,0,1073,1073,1073,0,1073,0,0,1,0,2,1,4,0,1,326,0,0,108480
11782,899,0,210,1109,1155,0,1155,1,0,1,0,3,1,6,0,2,576,192,0,148000
12168,428,0,537,965,1940,1254,3194,0,0,2,1,4,1,10,2,2,380,0,0,359100
5825,0,0,600,600,747,0,747,0,0,1,0,1,1,5,0,2,528,0,0,79900
13860,1410,0,542,1952,2000,704,2704,1,0,2,1,4,1,9,3,2,538,269,111,345000
4500,866,0,338,1204,1204,0,1204,1,0,2,0,2,1,5,0,2,412,0,247,162000
9765,310,0,370,680,680,790,1470,0,0,2,1,3,1,6,1,2,420,232,63,185000
13125,994,0,484,1478,1493,0,1493,1,0,2,0,3,1,7,1,2,508,140,39,208900
7700,0,0,756,756,1051,788,1839,0,0,1,1,4,1,7,1,2,442,0,124,155000
11194,0,0,1406,1406,1454,482,1936,0,0,2,1,3,1,7,1,2,504,188,124,230500
7844,209,0,463,672,672,728,1400,0,0,1,1,3,1,6,1,2,440,0,0,149500
13680,0,0,0,0,1733,0,1733,0,0,2,0,4,1,8,1,2,452,0,0,139600
7420,851,0,140,991,1077,0,1077,1,0,1,0,2,2,5,2,1,205,0,4,118000
11423,1358,0,223,1581,1601,0,1601,1,0,2,0,3,1,6,1,2,670,180,0,272000
8199,648,0,80,728,728,728,1456,1,0,2,1,3,1,7,1,2,410,36,18,189000
23257,0,0,868,868,887,1134,2021,0,0,2,1,3,1,9,1,2,422,0,100,274725
63887,5644,0,466,6110,4692,950,5642,2,0,2,1,3,1,12,3,2,1418,214,292,160000
11988,326,0,389,715,849,811,1660,0,0,1,1,3,1,6,1,1,240,0,0,188700
8544,0,0,0,0,1040,0,1040,0,0,2,0,2,2,6,0,2,400,0,0,87500
8935,0,0,831,831,831,829,1660,0,0,2,1,3,1,7,0,2,493,144,68,195000
1596,462,0,0,462,526,462,988,1,0,1,0,2,1,5,0,1,297,120,101,91000
12702,0,0,0,0,882,0,882,0,0,1,0,2,1,4,0,1,308,0,45,97000
9158,0,0,1496,1496,1496,0,1496,0,0,2,0,3,1,7,0,2,474,168,130,225000
12393,0,0,847,847,847,1101,1948,0,0,2,1,4,1,8,1,2,434,100,48,195000
5362,0,0,661,661,661,589,1250,0,0,2,0,3,1,8,1,2,552,242,0,139000
16033,1261,0,572,1833,1850,0,1850,1,0,2,0,3,1,8,1,3,772,519,112,326000
7200,234,486,180,900,900,0,900,0,1,1,0,3,1,5,0,2,576,222,32,134800
3500,312,0,408,720,720,564,1284,0,0,1,1,2,1,5,0,1,240,0,35,110000
13526,560,375,0,935,935,0,935,1,0,1,0,3,1,5,0,1,288,180,0,137000
10125,641,279,276,1196,1279,0,1279,0,1,2,0,3,1,6,2,2,473,238,83,171500
9938,750,0,300,1050,1062,887,1949,1,0,2,1,3,1,8,1,2,574,156,90,236000
5350,0,0,728,728,1306,0,1306,0,0,1,0,3,1,6,0,0,0,263,0,76500
8820,1088,0,0,1088,1188,561,1869,0,0,1,0,2,1,7,0,2,456,48,0,124900
7590,540,0,324,864,876,936,1812,0,0,2,0,4,1,8,1,1,264,0,168,169500
8814,925,0,349,1274,1274,0,1274,1,0,2,0,3,1,6,0,2,508,264,98,203000
13704,0,0,1541,1541,1541,0,1541,0,0,2,0,3,1,6,1,3,843,468,81,205000
8089,945,0,474,1419,1419,0,1419,1,0,2,0,2,1,7,1,2,567,140,0,392000
8172,167,0,697,864,864,0,864,1,0,1,0,2,1,5,0,2,572,0,0,115000
10000,594,0,270,864,1144,0,1144,1,0,1,0,3,1,6,1,1,264,165,0,131400
6204,0,0,795,795,954,795,2230,1,0,1,0,5,1,10,0,1,440,0,188,118500
8462,814,0,114,928,936,785,1721,0,1,2,1,3,1,7,0,2,471,300,87,201000
18000,0,0,894,894,894,0,894,0,0,1,0,2,1,6,0,3,1248,0,20,81000
3684,0,0,1373,1373,1555,0,1555,0,0,2,0,2,1,7,1,3,660,143,20,174000
8892,0,0,1065,1065,1065,0,1065,0,0,1,1,3,1,6,0,2,461,74,0,126500
19138,120,0,744,864,864,0,864,0,0,1,0,2,1,4,0,2,400,0,0,141000
11924,998,0,177,1175,1182,1142,2324,1,0,3,0,4,1,11,2,3,736,147,21,345000
13175,790,163,589,1542,2073,0,2073,1,0,2,0,3,1,7,2,2,500,349,0,210000
6420,210,551,219,980,1148,0,1148,0,1,1,0,2,1,6,0,1,308,0,0,123500
4435,659,0,189,848,848,0,848,1,0,1,0,1,1,3,0,2,420,140,0,131500
17920,306,1085,372,1763,1779,0,1779,1,0,1,1,3,1,6,1,2,454,0,418,170000
10628,778,0,499,1277,1277,0,1277,1,0,1,0,2,1,5,1,2,526,0,0,167000
9638,0,0,804,804,1699,748,2447,0,0,2,0,4,1,10,1,1,336,272,0,169000
11767,0,0,560,560,796,550,1346,0,0,1,1,2,1,6,0,1,384,168,24,112000
12342,262,0,599,861,861,0,861,0,0,1,0,1,1,4,0,2,539,158,0,82500
3604,0,0,689,689,703,689,1392,0,0,2,0,2,1,5,0,2,540,0,102,146000
14892,1320,0,426,1746,1746,0,1746,1,0,2,0,3,1,7,2,3,758,201,39,377500
9900,552,0,280,832,1098,880,1978,0,0,2,1,4,1,9,1,2,486,0,43,176000
12546,678,0,762,1440,1440,0,1440,0,0,2,0,3,1,7,1,2,467,0,0,182900
8800,0,0,576,576,792,348,1140,0,0,1,0,3,1,7,0,0,0,0,160,96500
10496,196,0,844,1040,1168,678,1846,0,0,2,0,3,1,7,1,1,315,0,0,143000
14598,0,0,894,894,894,1039,1933,0,0,2,1,4,1,9,1,3,668,100,18,214000
8658,643,0,445,1088,1324,0,1324,0,0,2,0,3,1,6,1,2,440,0,138,160000
19378,57,0,1335,1392,1392,1070,2462,1,0,2,1,4,1,9,1,2,576,239,132,320000
9855,0,0,1436,1436,1689,0,1689,0,0,1,0,3,1,7,1,2,480,0,0,127500
10944,1000,0,223,1223,1223,904,2127,1,0,2,1,3,1,5,2,2,525,171,132,271000
9525,0,0,1099,1099,1099,0,1099,0,0,1,1,3,1,6,0,1,352,278,0,144000
12677,1218,0,300,1518,1518,0,1518,0,0,1,1,1,1,6,1,2,588,185,140,274000
9144,399,0,484,883,988,517,1505,1,0,1,0,3,1,8,0,1,240,0,0,145000
9250,480,468,108,1056,1056,0,1056,0,1,1,0,3,1,6,0,1,260,390,0,139400
11846,1567,0,225,1792,1792,0,1792,1,0,2,0,2,1,6,1,3,874,206,49,374000
3182,0,0,600,600,600,600,1200,0,0,2,1,2,1,4,0,2,480,0,172,151000
13650,57,441,554,1052,1252,668,1920,1,0,2,0,4,1,8,1,2,451,0,0,172500
10140,663,377,0,1040,1309,0,1309,1,0,1,1,3,1,5,1,2,484,265,0,181000
11170,1216,0,0,1216,1298,1216,2514,0,0,2,1,4,1,8,0,2,693,0,0,250000
11787,719,0,660,1379,1383,1015,2398,1,0,2,1,3,1,8,1,3,834,239,60,315750
8738,0,0,975,975,1005,1286,2291,0,0,2,1,4,1,8,1,2,429,192,0,230000
15593,603,0,701,1304,1304,983,2287,0,0,2,0,3,1,7,1,2,667,0,21,225000
7200,777,0,117,894,894,0,894,0,0,1,0,2,1,6,0,2,600,215,0,123000
9206,0,0,741,741,977,755,1732,0,0,2,1,3,1,7,1,2,476,192,46,178000
9317,513,0,227,740,1006,769,1775,1,0,2,1,3,1,7,1,2,425,234,72,213000
9505,0,0,884,884,884,1151,2035,0,0,2,1,3,1,8,1,2,434,144,48,222500
5604,468,0,396,864,864,0,864,1,0,1,0,2,1,5,0,0,0,0,0,98000
10900,378,0,311,689,689,703,1392,0,0,1,1,3,1,6,0,1,299,0,36,161750
15138,689,0,773,1462,1490,1304,2794,1,0,2,1,4,1,9,1,3,810,0,146,403000
7851,625,0,235,860,860,1100,1960,1,0,2,1,4,1,8,2,2,440,288,48,216500
8063,0,0,924,924,948,742,1690,0,0,2,1,3,1,7,1,2,463,100,48,181000
7150,432,0,460,892,892,0,892,0,0,1,0,3,1,5,0,1,288,0,0,100000
7162,0,0,876,876,904,0,904,0,0,1,0,3,1,6,0,1,408,0,0,109900
8525,0,0,940,940,1024,940,1964,0,0,1,1,4,1,7,0,0,0,0,192,130000
10482,507,0,81,588,1138,0,1138,0,1,1,0,3,1,6,0,1,264,224,0,145000
12274,0,0,1417,1417,1428,0,1428,0,0,2,0,3,1,6,0,2,554,0,60,227680
9291,426,0,406,832,832,878,1710,0,0,2,1,3,1,7,0,2,506,144,70,187000
11841,816,0,0,816,816,0,816,1,0,1,0,3,1,5,0,0,0,0,32,118500
12508,660,0,323,983,983,767,1750,1,0,2,0,4,1,7,0,1,423,245,0,160000
10364,0,0,806,806,806,766,1572,0,0,2,1,3,1,7,1,2,373,0,40,168000
5100,0,0,588,588,833,833,1666,0,0,1,0,3,1,7,1,1,228,192,63,161000
11310,0,0,1367,1367,1375,0,1375,0,0,1,0,2,1,5,1,2,451,0,30,140000
11643,500,0,748,1248,1338,1296,2634,1,1,2,2,6,2,12,0,4,968,0,0,200000
17500,1406,0,496,1902,1902,0,1902,1,0,2,0,3,1,7,2,2,567,0,207,335000
13688,1016,0,556,1572,1572,1096,2668,1,0,2,1,3,1,10,2,3,726,400,0,412500
6240,0,0,896,896,896,448,1344,0,0,1,0,3,1,7,0,1,240,200,114,115000
9430,1163,0,89,1252,1268,1097,2365,1,0,2,1,3,1,8,1,3,856,0,128,337000
5868,248,240,448,936,936,0,936,1,0,1,0,2,1,4,0,1,308,0,0,129000
7000,646,0,218,864,864,0,864,1,0,1,0,3,1,6,0,1,336,0,0,136500
11344,460,0,414,874,874,650,1524,0,0,1,1,3,1,7,0,1,315,0,0,144000
10998,408,420,156,984,984,620,1604,0,0,2,0,3,1,6,0,2,660,0,68,117000
4920,616,0,722,1338,1338,0,1338,1,0,2,0,2,1,6,0,2,582,0,0,213500
11308,936,0,168,1104,1130,1054,2184,1,0,2,1,3,1,10,1,3,836,0,102,335000
3675,547,0,0,547,1072,0,1072,1,0,1,0,2,1,5,0,2,525,0,28,145000
8400,0,0,0,0,2020,0,2020,0,0,2,0,4,2,10,2,2,630,0,0,144000
8755,772,0,220,992,1022,1038,2060,1,0,2,1,3,1,8,1,2,390,0,0,214000
31770,639,0,441,1080,1656,0,1656,1,0,1,0,3,1,7,2,2,528,210,62,215000
8816,651,0,470,1121,1121,0,1121,1,0,1,0,3,1,5,0,2,480,0,80,139000
10440,0,0,650,650,958,581,1539,0,0,2,0,3,1,8,1,2,686,70,78,157500
24090,0,0,1032,1032,1207,1196,2403,0,0,2,0,4,1,10,2,1,349,56,0,244400
12435,361,0,602,963,963,829,1792,0,0,2,1,3,1,7,1,2,564,0,96,231500
11367,932,0,133,1065,1091,898,1989,1,0,2,1,3,1,7,1,2,586,199,60,255000
12354,0,0,684,684,684,512,1196,0,0,1,0,3,1,7,0,2,528,0,46,110000
10240,625,1061,0,1686,1686,0,1686,1,0,2,0,3,1,7,1,2,612,384,131,207500
5395,733,0,604,1337,1337,0,1337,1,0,2,0,2,1,5,1,2,462,96,0,180000
5925,0,0,600,600,600,368,968,0,0,1,0,2,1,6,0,0,0,0,0,37900
9187,336,0,748,1084,1080,0,1080,0,0,1,1,3,1,5,0,2,484,120,0,134000
9248,560,0,598,1158,1167,0,1167,1,0,2,0,3,1,6,0,2,400,120,26,173000
4500,883,0,341,1224,1224,0,1224,1,0,2,0,2,1,5,0,2,402,0,304,165000
7415,759,0,80,839,864,729,1593,1,0,2,1,3,1,8,1,2,398,100,75,193000
7535,111,279,522,912,912,0,912,0,1,1,0,2,1,5,0,1,297,12,285,120000
4435,685,0,163,848,848,0,848,1,0,1,0,1,1,4,0,2,420,140,0,140000
7500,0,0,994,994,1028,776,1804,0,0,2,1,3,1,7,1,2,442,140,60,189000
4750,1573,0,0,1573,1625,0,1625,1,1,2,0,2,1,5,1,2,538,123,0,235000
11070,0,0,1907,1907,1959,0,1959,0,0,3,0,5,2,9,0,3,766,0,0,171000
9600,0,0,1164,1164,1164,0,1164,0,0,1,1,3,1,6,0,2,528,0,0,140000
9020,624,336,288,1248,1350,0,1350,1,0,1,1,3,1,6,0,2,520,176,0,168500
2665,0,0,264,264,616,688,1304,0,0,1,1,3,1,4,1,1,336,141,24,115000
8471,506,0,0,506,1212,0,1212,1,0,1,0,3,1,6,1,2,492,292,12,151000
6292,384,0,384,768,790,0,790,0,0,1,0,2,1,4,0,1,160,0,141,91000
9060,0,0,0,0,1340,0,1340,0,0,1,0,3,1,7,1,1,252,116,0,120000
10448,0,0,689,689,1378,741,2119,0,0,2,1,3,1,7,1,2,583,0,104,158000
7200,0,0,0,0,1040,0,1040,0,0,1,0,2,1,5,0,2,625,0,0,109500
12692,1231,0,1969,3200,3228,0,3228,1,0,3,0,4,1,10,1,2,546,264,75,430000
8414,663,0,396,1059,1068,0,1068,0,1,1,0,3,1,6,0,1,264,192,0,154500
7800,450,0,414,864,899,0,899,0,0,1,0,3,1,5,0,1,288,64,0,130000
53227,1116,0,248,1364,1663,0,1663,1,0,1,0,2,1,6,2,2,529,224,137,256000
8487,20,0,1480,1500,1500,0,1500,0,0,2,0,3,1,6,0,2,570,192,36,190000
4590,24,0,1530,1554,1554,0,1554,0,0,2,0,2,1,6,1,2,627,156,73,209500
7153,1200,0,78,1278,1294,0,1294,1,0,2,0,3,1,6,0,2,496,112,51,179200
14375,111,354,354,819,1344,0,1344,0,1,1,0,3,1,7,1,2,525,0,118,137500
9600,1285,0,131,1416,1644,0,1644,1,0,1,0,3,1,7,2,2,418,110,0,167000
11250,486,0,434,920,920,866,1786,1,0,2,1,3,1,6,1,2,608,0,42,223500
14587,0,0,1498,1498,1506,0,1506,0,0,2,0,2,1,6,1,2,592,0,174,264132
11000,0,0,969,969,997,1288,2285,0,0,2,1,4,1,8,1,3,648,0,56,248000
9735,0,0,384,384,754,640,1394,0,0,2,1,3,1,7,0,2,400,100,0,167500
10171,2,0,1515,1517,1535,0,1535,0,0,2,0,3,1,7,0,2,532,0,0,214000
12461,1456,0,168,1624,1624,0,1624,1,0,2,0,2,1,5,1,3,757,0,114,262000
12180,348,0,324,672,672,252,924,1,0,1,0,2,1,5,0,1,280,0,0,80000
8600,0,0,780,780,780,596,1376,0,0,2,0,3,1,7,1,1,198,0,0,119500
10304,381,0,399,780,1088,780,1868,1,0,2,1,4,1,9,1,2,484,448,96,197500
8773,0,0,916,916,916,684,1600,0,0,2,1,3,1,7,1,2,460,100,38,169000
12384,0,0,793,793,1142,793,1935,0,0,2,1,3,1,7,1,2,550,0,113,197900
12257,56,64,1198,1318,1328,1203,2531,0,0,2,1,4,1,9,1,3,752,222,98,290000
9808,788,0,785,1573,1573,0,1573,1,0,2,0,3,1,6,0,2,544,0,72,227000
9100,0,0,742,742,779,0,935,0,0,1,0,2,1,4,0,1,308,0,0,79500
12537,734,0,344,1078,1078,0,1078,1,0,1,1,3,1,6,1,2,500,0,0,149900
13891,1386,0,690,2076,2076,0,2076,1,0,2,1,2,1,7,1,3,850,216,229,465000
10780,483,0,428,911,954,0,954,0,0,1,0,3,1,6,0,2,576,0,0,132500
8978,0,0,948,948,948,0,948,0,0,1,0,3,1,6,0,1,300,147,0,108000
9156,0,0,1489,1489,1489,0,1489,0,0,2,0,3,1,7,1,2,462,0,0,185750
9200,280,491,167,938,938,0,938,1,0,1,0,3,1,5,0,1,308,145,0,130250
9600,978,0,284,1262,1262,0,1262,0,1,2,0,3,1,6,1,2,460,298,0,181500
14154,0,0,1063,1063,1071,1101,2172,0,0,2,1,3,1,9,1,3,947,192,62,280000
11512,719,0,300,1019,1357,0,1357,1,0,1,0,2,1,5,1,1,312,0,0,177000
9353,0,0,864,864,864,0,864,0,0,1,0,3,1,5,0,1,280,0,0,116050
9550,216,0,540,756,961,756,1717,1,0,1,0,3,1,7,1,3,642,0,35,140000
11767,352,0,416,768,768,432,1200,0,0,1,0,3,1,6,0,1,240,0,0,130500
14226,0,0,1935,1935,1973,0,1973,0,0,2,0,3,1,9,1,3,895,315,45,395000
6155,0,0,611,611,751,611,1362,0,0,2,0,3,1,6,0,2,502,0,0,128000
21872,604,0,125,729,729,717,1446,0,1,2,1,3,1,6,1,2,406,264,22,175000
12984,1283,147,0,1430,1647,0,1647,1,0,2,0,3,1,7,1,2,621,0,0,217500
11428,0,0,1626,1626,1634,0,1634,0,0,2,0,3,1,7,1,3,866,0,44,250000
13101,231,0,1497,1728,1728,0,1728,0,0,2,0,6,2,10,0,2,576,0,0,142600
2522,0,0,970,970,970,739,1709,0,0,2,0,3,1,7,0,2,380,0,40,130000
8765,285,0,666,951,951,0,951,0,0,1,0,2,1,6,0,1,327,0,28,106500
7200,0,0,0,0,1040,0,1040,0,0,2,0,2,2,6,0,2,420,0,0,90000
2887,1003,0,288,1291,1291,0,1291,1,0,1,0,2,1,6,1,2,431,307,0,173000
11214,0,0,930,930,956,930,1886,0,0,2,1,4,1,10,1,2,431,89,0,199900
9066,668,0,336,1004,1004,848,1852,0,0,2,1,3,1,7,2,3,660,224,106,230000
10410,0,0,660,660,808,704,1656,0,0,2,1,3,1,8,0,1,180,0,0,135000
9098,348,0,180,528,605,0,605,1,0,1,0,2,1,5,0,0,0,0,0,86000
13214,0,0,2002,2002,2018,0,2018,0,0,2,0,3,1,10,1,3,746,144,76,378500
7018,0,0,0,0,1120,1120,2240,0,0,2,0,6,2,12,0,2,528,154,0,142953
26142,593,0,595,1188,1188,0,1188,0,0,1,0,3,1,6,0,1,312,261,39,157900
12224,695,0,297,992,1022,1032,2054,1,0,2,1,3,1,7,1,2,390,24,48,244000
4435,662,0,186,848,848,0,848,1,0,1,0,1,1,3,1,2,420,140,0,155900
10625,885,168,0,1053,1173,0,1173,1,0,2,0,3,1,6,2,2,528,0,120,170000
11700,384,175,143,702,1041,702,1743,0,1,1,2,3,1,7,1,2,539,224,0,175000
17671,216,0,700,916,916,826,1742,0,0,1,1,4,1,8,1,2,424,0,169,168000
10106,351,181,112,644,808,547,1355,1,0,2,0,4,2,6,0,0,0,140,0,127500
16157,680,391,289,1360,1432,0,1432,1,0,1,1,2,1,5,1,2,588,168,180,194000
3600,0,0,684,684,684,684,1368,0,0,1,0,3,1,7,0,1,216,0,158,114504
11883,690,0,814,1504,1504,0,1504,1,0,2,0,3,1,6,1,2,478,115,66,203000
8450,946,0,490,1436,1436,0,1436,1,0,2,0,3,1,8,0,2,484,139,98,210000
4118,0,0,693,693,693,0,693,0,0,1,0,2,1,4,0,0,0,0,20,52500
10570,297,0,556,853,1549,1178,2727,0,0,2,1,3,1,10,2,2,440,0,74,315000
6240,863,0,461,1324,1324,0,1324,1,0,2,0,2,1,6,1,2,550,192,38,254000
9591,1088,0,625,1713,1713,0,1713,1,0,2,0,3,1,7,1,3,856,0,26,274900
14115,732,0,64,796,796,566,1362,1,0,1,1,1,1,5,0,2,480,40,30,143000
5814,1036,0,184,1220,1360,0,1360,1,0,1,0,1,1,4,1,2,565,63,0,187500
7340,322,0,536,858,858,0,858,0,0,1,0,2,1,4,0,1,684,0,0,110000
2645,0,0,776,776,764,677,1441,0,0,2,1,2,1,5,0,2,492,206,0,174000
6897,659,0,381,1040,1040,0,1040,1,0,1,1,3,1,6,0,1,260,0,104,127000
9020,312,539,276,1127,1165,0,1165,1,0,1,1,3,1,6,0,2,490,0,129,174900
16905,967,0,383,1350,1328,0,1328,0,1,1,1,2,1,5,2,1,308,0,104,170000
9000,624,0,26,650,832,650,1482,0,1,1,0,3,1,7,0,2,324,0,0,143000
6911,405,0,740,1145,1301,0,1301,0,0,1,0,2,1,5,0,2,440,0,0,100000
7500,340,906,0,1246,1246,0,1246,1,0,1,1,3,1,6,0,1,305,218,0,154000
8924,0,0,880,880,880,844,1724,0,0,2,1,3,1,8,0,2,527,120,155,188000
11075,500,276,176,952,1092,1020,2112,0,0,2,1,4,1,9,2,2,576,280,0,206900
7446,266,0,522,788,788,0,788,0,0,1,0,2,1,4,2,0,0,0,0,100000
15611,0,0,1079,1079,1079,840,1919,0,0,2,1,3,1,8,1,2,685,0,51,233230
11700,0,0,1240,1240,1320,1320,2640,0,0,1,1,4,1,8,1,4,864,181,0,265979
12735,600,0,264,864,864,0,864,0,0,1,0,3,1,5,0,2,576,216,0,111250
2572,604,0,92,696,696,720,1416,1,0,2,1,3,1,6,0,2,484,0,44,155000
5784,0,0,190,190,886,0,886,0,0,1,0,2,1,4,0,1,273,144,20,91300
9531,706,0,88,794,882,914,1796,1,0,2,1,3,1,7,0,2,546,0,36,211000
8123,0,0,982,982,1007,793,1800,0,0,2,1,3,1,7,1,2,463,100,63,179000
11888,0,0,844,844,1445,689,2134,0,0,2,0,5,1,10,0,2,441,0,60,214500
3316,1039,0,208,1247,1247,0,1247,1,0,1,1,1,1,4,1,2,550,0,84,197000
10667,385,344,70,799,827,834,1661,1,0,2,1,3,1,6,1,2,550,158,61,212000
2500,299,0,611,910,916,910,1826,1,0,1,1,4,1,7,1,1,164,0,0,155000
9500,609,0,785,1394,1394,0,1394,1,0,1,1,3,1,6,2,2,514,0,76,159000
8546,0,0,1121,1121,1121,0,1121,0,0,2,0,2,1,5,0,2,440,132,64,140000
13400,516,128,380,1024,1086,0,1086,1,0,1,0,3,1,6,1,2,484,0,0,159950
7060,1309,0,35,1344,1344,0,1344,2,0,2,0,2,2,8,0,4,784,0,0,206300
9600,428,0,300,728,976,332,1308,1,0,1,1,2,1,7,2,1,256,0,70,160000
1680,387,0,96,483,483,504,987,0,0,1,1,2,1,4,0,1,264,0,0,85400
11250,0,0,1128,1128,1149,1141,2290,0,0,2,1,4,1,9,1,2,779,0,0,255900
17217,0,0,1140,1140,1140,0,1140,0,0,1,0,3,1,6,0,0,0,36,56,84500
10120,0,0,925,925,964,925,1889,0,0,1,1,4,2,9,1,1,308,0,0,122000
19690,0,0,697,697,1575,626,2201,0,0,2,0,4,1,8,1,2,432,586,236,274970
8405,0,0,0,0,1088,441,1529,0,0,2,0,4,1,9,0,1,240,92,0,98000
7227,0,0,832,832,832,0,832,0,0,1,0,2,1,4,0,2,528,0,0,105500
35133,1159,0,413,1572,1572,0,1572,1,0,1,1,3,1,5,2,3,995,0,263,186700
11345,220,0,708,928,928,992,1920,0,0,2,0,4,2,10,0,2,400,0,0,137000
12898,1022,0,598,1620,1620,0,1620,1,0,2,0,2,1,6,1,3,912,228,0,315500
9967,0,0,384,384,774,656,1430,0,0,2,1,3,1,8,1,2,400,100,0,170000
6120,0,0,952,952,1022,752,1774,0,0,2,0,2,2,8,2,2,468,90,0,129900
17600,1270,0,208,1478,1478,0,1478,1,0,2,0,3,1,6,2,2,498,0,40,157500
11040,656,0,602,1258,1258,0,1258,0,1,2,0,3,1,5,0,2,528,55,0,145000
10440,0,0,440,440,682,548,1230,0,0,1,1,2,1,5,0,2,440,74,0,110000
1890,356,0,316,672,672,546,1218,0,0,1,1,3,1,7,0,1,264,144,28,113000
3964,837,0,105,942,1291,1230,2521,1,0,2,1,5,1,10,1,2,576,728,20,151400
7064,560,0,420,980,980,0,980,0,0,1,0,3,1,6,0,2,484,192,0,135000
14115,296,547,230,1073,1811,0,1811,0,0,1,0,2,1,6,1,2,470,0,0,230000
8944,0,0,1584,1584,1584,0,1584,0,0,2,0,4,2,8,0,3,792,0,152,124000
9750,608,0,834,1442,1442,0,1442,0,0,1,1,4,1,7,0,1,301,0,0,157900
2308,257,495,103,855,855,467,1322,0,1,2,1,3,1,6,1,2,440,260,0,147000
11302,1422,0,392,1814,1826,0,1826,1,0,2,0,3,1,7,1,3,758,180,75,319000
6000,0,0,862,862,950,208,1158,0,0,1,0,3,1,5,1,1,208,0,0,120000
9600,442,0,625,1067,1067,0,1067,0,0,2,0,2,1,4,0,2,436,290,0,128000
9920,862,0,255,1117,1127,886,2013,1,0,2,1,3,1,8,1,2,455,180,130,269790
12822,1351,0,83,1434,1518,631,2149,1,0,1,1,1,1,6,1,2,670,168,43,239686
16158,1274,0,256,1530,1530,0,1530,1,0,2,0,3,1,7,1,2,430,168,36,260000
9600,916,0,326,1242,1242,0,1242,0,0,1,1,3,1,6,1,2,528,0,0,175500
13907,290,0,706,996,996,0,996,1,0,1,0,3,1,6,1,0,0,144,0,108000
8000,680,0,292,972,972,0,972,1,0,1,0,2,1,5,1,1,240,0,0,132000
8724,492,0,402,894,894,0,894,0,0,1,0,3,1,5,1,2,450,0,0,129000
7200,247,465,310,1022,1022,0,1022,1,0,1,0,2,1,4,0,1,280,0,30,85000
10635,370,972,315,1657,1668,0,1668,1,0,2,0,3,1,8,1,2,502,0,262,232000
15384,724,0,64,788,788,702,1490,1,0,2,1,3,1,8,1,2,388,100,75,184000
14963,786,0,474,1260,1288,0,1288,1,0,1,1,1,1,4,2,2,500,120,30,245500
10994,976,0,868,1844,1844,0,1844,1,0,2,0,2,1,7,1,2,620,165,44,257000
9084,0,0,755,755,755,755,1510,1,0,1,0,4,1,7,1,1,296,120,0,108000
7024,980,0,110,1090,1090,0,1090,1,0,1,1,2,1,5,0,2,450,0,49,157000
8410,0,0,658,658,658,526,1184,0,0,1,0,5,1,8,0,0,0,0,151,81000
6955,0,0,1368,1368,1368,0,1368,0,0,2,0,2,1,6,1,2,474,132,35,202500
9790,251,630,491,1372,1342,0,1342,0,0,2,0,3,1,7,1,2,457,0,0,161500
11664,336,0,746,1082,1082,0,1082,0,0,1,0,2,1,5,1,1,240,0,130,119200
10762,0,0,626,626,626,591,1217,0,0,1,1,3,1,6,1,1,288,0,28,120000
6305,0,0,920,920,954,0,954,0,0,1,0,2,1,5,1,1,240,0,0,119750
2651,641,0,32,673,673,709,1382,1,0,2,1,3,1,6,0,2,490,153,50,165000
9262,0,0,1573,1573,1578,0,1578,0,0,2,0,3,1,7,1,3,840,0,36,287090
8405,241,391,229,861,961,406,1367,1,0,1,0,4,1,7,0,1,384,0,130,119000
10769,20,0,846,866,866,902,1768,0,0,2,1,3,1,7,0,2,578,144,105,212000
11200,906,0,134,1040,1040,0,1040,1,0,1,0,3,1,5,0,1,384,0,0,129500
13710,420,0,490,910,910,648,1558,0,0,1,1,4,1,6,0,1,282,289,0,152000
12456,1172,0,528,1700,1718,0,1718,1,0,2,0,3,1,7,1,3,786,216,48,337500
9520,1513,0,125,1638,1646,0,1646,1,0,2,0,3,1,7,1,3,800,192,44,293077
14781,0,0,1753,1753,1787,0,1787,0,0,2,0,3,1,7,1,3,748,198,150,275000
14720,816,0,1217,2033,2053,1185,3238,1,0,2,1,4,1,9,1,3,666,283,86,410000
9819,450,0,432,882,900,0,900,0,0,1,0,3,1,5,0,1,280,0,0,122000
3922,0,0,1258,1258,1402,0,1402,0,2,0,2,2,1,7,1,3,648,120,16,194201
8556,0,0,1240,1240,1240,0,1240,0,0,2,0,2,1,5,0,3,826,140,93,194000
3675,547,0,0,547,1072,0,1072,1,0,2,0,2,1,5,0,2,525,0,44,140000
10192,0,0,570,570,1222,698,1920,0,0,3,0,4,1,8,1,2,487,0,98,170000
9906,0,0,686,686,810,518,1328,0,0,1,0,3,1,8,0,1,210,0,172,107000
6000,0,0,901,901,901,0,901,0,0,1,0,2,1,4,0,1,281,0,0,107900
12243,998,0,486,1484,1484,0,1484,0,0,2,0,3,1,7,1,2,487,224,0,175000
13728,626,0,501,1127,1236,872,2108,0,0,2,0,4,1,7,2,2,540,0,0,235000
10832,0,0,712,712,1086,809,1895,0,0,2,1,3,1,7,1,2,409,143,46,194500
9591,0,0,1143,1143,1143,1330,2473,0,0,2,1,4,1,9,1,3,852,192,151,317000
10186,674,0,76,750,1061,862,1923,1,0,2,1,3,1,8,1,2,564,240,39,190000
9375,0,0,1284,1284,1284,885,2169,0,0,2,1,3,1,7,1,2,647,192,87,228500
11839,1085,0,390,1475,1532,797,2329,1,0,2,1,4,1,10,1,2,514,192,121,262280
4130,0,0,270,270,729,0,729,0,0,1,0,2,1,5,0,0,0,0,0,52000
7200,398,149,317,864,864,0,864,1,0,1,0,3,1,5,0,2,720,194,0,129000
2268,567,0,197,764,764,862,1626,0,0,2,0,2,1,6,0,2,474,0,27,173000
5306,495,215,354,1064,1064,703,1767,1,0,2,0,2,1,5,1,2,504,441,35,239000
8520,0,0,624,624,720,0,720,0,0,1,0,2,1,5,0,2,484,106,0,105900
10721,0,0,1252,1252,1252,0,1252,0,0,1,0,3,1,7,0,2,528,0,39,142000
18450,187,723,111,1021,1465,915,2380,0,0,2,1,3,1,7,1,2,596,0,265,129000
10084,24,0,1528,1552,1552,0,1552,0,0,2,0,3,1,7,0,3,782,144,20,212900
8100,338,0,1221,1559,1559,0,1559,1,0,1,0,2,1,5,0,2,812,0,116,153500
12438,0,0,1234,1234,1264,1312,2576,0,0,2,1,4,1,10,1,3,666,324,100,361919
9525,444,0,550,994,1216,639,1855,0,0,2,0,4,1,7,0,1,325,182,0,136900
9060,204,0,356,560,698,560,1258,0,0,1,0,2,1,6,0,1,280,0,0,105000
9600,0,0,528,528,1094,761,1855,0,0,2,1,3,1,7,1,2,512,113,100,187000
8472,104,712,0,816,816,0,816,1,0,1,0,2,1,5,0,2,516,106,0,110000
9750,975,0,133,1108,1108,989,2097,1,0,2,1,3,1,8,1,2,583,253,170,274300
10712,212,0,762,974,974,0,974,0,0,1,0,3,1,5,0,0,0,0,28,93500
10637,1288,0,417,1705,1718,0,1718,1,0,2,0,3,1,7,1,3,826,208,44,297000
8000,219,0,554,773,773,885,1658,1,0,2,1,3,1,8,1,2,431,224,84,188000
9600,319,0,416,735,1134,924,2058,0,0,1,1,3,1,8,1,2,396,0,0,129500
9830,72,258,733,1063,1287,0,1287,1,0,1,0,3,1,7,1,2,576,364,17,162000
6882,0,0,684,684,773,582,1355,0,0,1,1,3,1,7,0,0,0,136,0,127000
11600,0,0,700,700,1180,0,1180,0,0,1,0,2,1,5,1,1,252,0,0,137500
6000,0,0,884,884,884,464,1348,1,0,1,0,3,1,5,1,1,216,0,0,117000
13825,0,0,533,533,1021,580,1601,0,1,1,0,3,1,6,0,1,300,280,34,140000
4224,874,0,268,1142,1142,0,1142,1,0,1,1,3,1,6,1,2,528,536,90,134000
11851,0,0,1424,1424,1442,0,1442,0,0,2,0,3,1,5,0,2,500,0,34,180500
8339,0,0,0,0,882,0,882,0,0,1,0,3,1,5,0,1,294,0,0,106500
25419,1036,184,140,1360,1360,1360,3112,1,1,2,0,4,1,8,1,2,795,0,16,235000
10624,40,264,1424,1728,1728,0,1728,0,1,2,0,6,2,10,0,1,352,155,0,119000
4280,365,0,75,440,694,0,694,0,0,1,0,2,1,4,1,1,352,0,0,90350
17871,528,0,1152,1680,1724,0,1724,1,0,1,1,3,1,7,1,2,480,0,0,197900
8012,430,0,1145,1575,1575,0,1575,1,0,2,0,2,1,5,0,2,529,0,0,179200
6000,672,0,0,672,757,567,1324,0,0,1,0,3,1,6,0,1,240,0,0,128000
4282,16,0,1375,1391,1391,0,1391,0,0,2,0,2,1,5,0,2,530,156,158,196000
12209,690,0,114,804,804,1157,1961,1,0,2,1,3,1,7,1,2,560,125,192,215000
5330,280,0,140,420,708,0,708,0,0,1,0,2,1,5,0,0,0,164,0,82500
6120,209,0,506,715,875,0,875,1,0,1,0,2,1,5,0,1,180,48,0,105000
10182,1220,0,440,1660,1660,0,1660,1,0,2,0,3,1,8,1,2,500,322,50,290000
9320,569,0,381,950,1225,0,1225,1,0,1,1,3,1,6,0,0,0,352,0,128950
4923,1153,0,440,1593,1593,0,1593,1,0,1,1,0,1,5,1,2,682,0,120,286000
5271,1082,0,371,1453,1453,0,1453,1,0,1,1,2,1,6,1,2,445,0,80,190000
7750,0,0,660,660,660,660,1320,0,0,2,1,3,1,6,0,2,400,0,48,162000
21453,938,0,0,938,988,0,988,1,0,1,0,1,1,4,2,2,540,0,130,180000
45600,0,0,907,907,1307,1051,2358,0,0,3,0,5,1,10,1,2,360,486,40,240000
6240,0,0,1078,1078,1128,445,1573,0,0,2,0,3,1,8,1,2,360,0,0,162900
9554,380,0,397,777,1065,846,1911,0,0,2,1,3,1,8,1,2,471,182,81,215000
11184,226,500,192,918,918,765,1683,0,0,2,1,3,1,7,1,2,440,243,0,172500
11553,673,0,378,1051,1159,0,1159,0,0,1,1,3,1,7,1,1,336,466,0,158000
7917,751,0,392,1143,1113,0,1113,1,0,1,1,3,1,6,1,1,504,370,30,148000
4043,360,0,709,1069,1069,0,1069,0,0,2,0,2,1,4,1,2,440,0,55,127500
11207,714,0,88,802,802,709,1511,1,0,2,1,3,1,8,1,2,413,95,75,185000
17104,554,0,100,654,664,832,1496,1,0,2,1,3,1,7,1,2,426,100,24,179665
7558,0,0,896,896,1172,741,1913,0,0,1,1,3,1,9,1,2,342,0,0,177000
8773,24,0,1390,1414,1414,0,1414,0,0,2,0,3,1,6,0,2,494,132,105,185500
5900,0,0,440,440,869,0,869,0,0,1,0,2,1,4,0,0,0,0,0,85500
9297,1606,0,122,1728,1728,0,1728,2,0,2,0,4,2,8,0,2,560,0,0,188000
11645,0,0,860,860,860,860,1720,0,0,2,1,3,1,7,0,2,565,0,70,196500
7200,0,0,596,596,998,764,1762,1,0,1,1,4,1,8,0,2,576,36,0,157000
11340,0,0,777,777,1246,1044,2290,0,0,2,0,4,2,11,0,2,560,0,0,122500
10200,0,0,672,672,672,0,672,0,0,1,0,2,1,4,0,1,240,168,0,108000
12358,360,0,360,720,854,0,1382,0,0,1,1,2,1,7,0,2,660,237,0,128500
11999,0,0,1181,1181,1234,1140,2374,0,0,2,1,4,1,10,1,3,656,104,100,285000
7937,819,0,184,1003,1003,0,1003,1,0,1,0,3,1,6,0,2,588,120,0,142500
13568,716,0,274,990,990,0,990,0,1,1,0,3,1,5,0,2,576,224,0,156000
10480,0,0,1064,1064,1166,0,1639,0,0,1,0,3,1,6,0,1,240,0,0,115000
39104,226,1063,96,1385,1363,0,1363,1,0,1,0,2,1,5,2,2,439,81,0,241500
12615,477,0,725,1202,2158,0,2158,1,0,2,0,4,1,7,1,2,576,0,29,243000
8846,298,0,572,870,914,0,914,0,0,1,0,2,1,5,0,2,576,0,0,148000
13418,0,0,1117,1117,1132,1320,2452,0,0,3,1,4,1,9,1,3,691,113,32,309000
3182,16,0,1330,1346,1504,0,1504,0,0,2,0,1,1,7,1,2,457,156,0,181000
10289,836,0,237,1073,1073,0,1073,1,0,1,1,3,1,6,0,2,515,0,0,156000
13600,0,0,662,662,1422,915,2337,0,0,2,0,5,2,10,0,2,560,0,57,90000
6627,0,0,0,0,720,0,720,0,0,1,0,2,1,4,0,1,287,0,0,72500
7200,534,96,246,876,988,0,988,0,0,1,0,3,1,6,0,1,276,0,80,119000
9490,403,165,238,806,958,620,1578,1,0,1,0,3,1,5,2,1,240,0,0,133000
10800,664,0,290,954,1766,648,2414,0,0,2,0,3,2,10,1,2,520,142,0,160000
11796,0,0,847,847,847,1112,1959,0,0,2,1,4,1,8,1,2,434,100,48,215000
7742,763,0,192,955,955,0,955,1,0,1,0,3,1,6,0,1,386,0,0,127000
5720,0,0,676,676,676,455,1131,0,0,1,1,3,1,5,0,1,200,26,0,66500
10659,915,0,135,1050,1050,0,1050,1,0,1,0,3,1,6,0,1,368,0,319,136500
25000,0,0,1632,1632,1632,0,1632,0,0,2,0,4,2,8,0,2,576,0,0,143000
4438,662,0,186,848,848,0,848,1,0,1,0,1,1,3,1,2,420,149,0,149000
6171,264,0,712,976,1160,448,1608,0,0,2,1,3,1,7,1,1,216,147,16,137450
12011,956,0,130,1086,1086,838,1924,1,0,2,1,3,1,7,1,2,592,208,75,280000
12378,1274,0,622,1896,1944,0,1944,1,0,2,0,3,1,8,3,3,708,208,175,360000
11639,0,0,1428,1428,1428,0,1428,0,0,2,0,3,1,6,0,2,480,0,120,182000
10400,0,0,1090,1090,1370,0,1370,0,0,2,0,3,1,6,1,2,479,0,0,152000
9142,0,0,1020,1020,908,1020,1928,0,0,2,0,4,2,9,0,1,440,0,60,137000
8640,936,0,364,1300,1314,0,1314,1,0,2,0,3,1,6,0,2,552,135,112,229456
22420,1128,0,242,1370,1370,1254,2624,1,0,2,1,4,1,10,1,3,864,0,0,239000
12090,0,0,1141,1141,1165,1098,2263,0,0,2,1,4,1,10,1,2,420,144,123,258000
70761,655,0,878,1533,1533,0,1533,1,0,2,0,2,1,5,2,2,576,200,54,280000
9571,0,0,1276,1276,1276,0,1276,0,0,1,0,3,1,5,0,1,350,0,0,60000
8885,301,324,239,864,902,0,902,1,0,1,0,2,1,5,0,2,484,164,0,131000
11694,48,0,1774,1822,1828,0,1828,0,0,2,0,3,1,9,1,3,774,0,108,314813
15623,2096,0,300,2396,2411,2065,4476,1,0,3,1,4,1,10,2,3,813,171,78,745000
13695,814,0,300,1114,1114,0,1114,1,0,1,0,3,1,6,0,2,576,0,78,155000
15863,523,0,301,824,1687,998,3082,1,0,2,1,5,1,12,2,2,672,136,63,197000
10200,320,362,404,1086,1086,0,1086,1,0,1,0,3,1,6,0,2,490,0,0,144900
8900,1056,0,0,1056,1056,0,1056,1,0,1,0,2,1,5,0,1,384,0,42,107000
12220,1436,0,570,2006,2020,0,2020,1,0,2,1,3,1,9,1,3,900,156,54,402861
5586,0,0,901,901,1088,110,1198,0,0,1,0,4,1,7,0,0,0,0,98,79900
9612,0,0,1468,1468,1468,0,1468,0,0,2,0,3,1,6,1,3,898,210,150,244600
3182,16,0,1129,1145,1145,0,1145,0,0,2,0,2,1,5,1,2,397,100,16,160200
11100,0,0,0,0,930,0,930,0,0,1,0,2,1,6,0,1,308,0,0,84900
14803,1636,0,442,2078,2084,0,2084,1,0,2,0,2,1,7,1,3,1220,188,45,385000
57200,353,334,60,747,1687,0,1687,1,0,1,0,3,1,7,2,2,572,0,0,160000
11146,0,0,1709,1709,1717,0,1717,0,0,2,0,3,1,7,1,3,908,169,39,255500
11275,297,557,0,854,1096,895,1991,0,0,1,1,3,1,7,1,2,432,0,0,220000
11198,0,0,1122,1122,1134,1370,2504,0,0,2,1,4,1,11,1,3,656,144,39,325000
11923,0,0,1800,1800,1800,0,1800,0,0,2,0,2,1,7,0,2,702,288,136,239000
10800,390,0,490,880,880,888,1768,0,0,1,1,2,1,6,2,2,320,0,341,163000
9600,991,0,50,1041,1041,0,1041,1,0,1,0,3,1,6,0,1,270,224,88,124500
9364,371,0,292,663,663,689,1352,0,0,1,1,4,1,7,0,1,299,379,36,158000
10316,735,0,257,992,992,873,1865,1,0,2,1,3,1,7,1,3,839,0,184,235000
159000,697,0,747,1444,1444,700,2144,0,1,2,0,4,1,7,2,2,389,0,98,277000
8760,0,0,1194,1194,1194,0,1194,1,0,1,0,3,1,6,0,1,312,0,0,148000
8461,0,0,728,728,728,728,1456,0,0,2,1,3,1,8,1,2,390,0,24,163990
11029,528,411,245,1184,1414,0,1414,1,0,1,0,3,1,6,1,2,601,0,51,176500
5000,0,0,0,0,334,0,334,0,0,1,0,1,1,2,0,0,0,0,0,39300
9100,24,0,1836,1860,1836,0,1836,0,0,2,0,3,1,8,1,2,484,120,33,216837
12122,867,0,77,944,999,0,999,1,0,1,0,3,1,6,0,2,588,144,76,178400
9600,620,620,0,1240,1632,0,1632,1,0,2,0,3,1,6,1,1,338,289,0,139000
9803,400,0,466,866,866,902,1768,0,0,2,1,3,1,7,0,2,603,0,108,226700
15256,929,0,556,1485,1464,0,1464,1,0,2,0,3,1,6,0,3,754,168,160,282922
9950,565,0,638,1203,1214,1306,2520,0,0,2,1,4,1,9,1,3,721,224,114,290000
8244,0,0,840,840,840,880,1720,0,0,2,1,3,1,7,1,2,440,100,48,183500
10395,605,0,427,1032,1032,0,1032,0,1,2,0,3,1,6,1,2,564,0,0,148000
3180,0,0,600,600,520,600,1200,0,0,2,1,2,1,4,0,2,480,0,166,151000
14000,1201,0,105,1306,1306,954,2260,1,0,2,1,3,1,7,0,2,533,296,44,328000
7332,414,0,450,864,864,0,864,1,0,1,0,2,1,4,0,1,288,168,0,120000
1936,131,499,0,630,630,0,630,1,0,1,0,1,1,3,0,0,0,0,0,84500
13265,1218,0,350,1568,1689,0,1689,1,0,2,0,3,1,7,2,3,857,150,59,271000
7500,0,0,1257,1257,1266,0,1266,0,0,2,0,3,1,6,1,2,453,38,144,176000
10463,0,0,893,893,901,900,1801,0,0,2,1,3,1,8,1,3,800,0,116,239900
4928,958,0,0,958,958,0,958,0,0,2,0,2,1,5,0,2,440,0,60,143750
6040,0,0,0,0,1152,0,1152,0,0,2,0,2,2,6,0,0,0,0,0,82000
10650,182,712,0,894,894,0,894,1,0,1,0,3,1,5,0,1,308,365,0,128200
34650,1056,0,0,1056,1056,0,1056,1,0,1,0,3,1,5,0,2,572,264,0,145000
7180,390,0,474,864,864,0,864,0,0,1,0,3,1,5,0,1,352,0,0,127000
8500,0,0,1422,1422,1422,0,1422,0,0,2,0,3,1,7,0,2,626,192,60,179600
14230,0,0,1566,1566,1600,0,1600,0,0,2,0,3,1,7,1,3,890,0,56,256300
12160,1000,0,188,1188,1188,0,1188,1,0,1,0,3,1,6,0,2,531,0,0,142000
7711,1440,0,0,1440,1440,0,1440,2,0,2,0,4,2,8,0,0,0,321,0,150000
15431,1767,539,788,3094,2402,0,2402,1,0,2,0,2,1,10,2,3,672,0,72,555000
13560,0,0,1392,1392,1392,0,1392,1,0,1,0,2,1,5,2,2,576,0,0,110000
12150,0,0,1050,1050,1050,745,1795,0,0,2,0,4,1,7,0,1,352,0,0,131500
3842,1373,0,221,1594,1646,0,1646,1,1,2,0,2,1,5,1,2,482,128,53,275000
7800,540,0,728,1268,1268,0,1268,0,0,1,0,2,1,7,1,1,244,0,98,132000
17542,125,1031,36,1192,1516,651,2167,1,0,2,1,3,1,9,2,2,518,220,47,294000
11075,562,193,29,784,1168,800,1968,0,1,2,1,4,1,7,1,2,530,305,189,172000
8730,0,0,698,698,698,698,1396,0,0,1,0,3,1,7,0,1,384,0,0,153575
9196,0,0,1560,1560,1560,0,1560,0,0,2,0,3,1,7,0,2,573,100,150,201000
2280,566,0,289,855,855,601,1456,0,0,2,1,3,1,7,1,2,440,87,0,148500
7677,570,0,203,773,773,0,773,0,0,1,0,2,1,4,0,1,240,0,0,110000
9405,0,0,698,698,698,0,698,0,1,1,0,2,1,4,0,0,0,0,200,118000
10615,440,0,538,978,1014,685,1699,1,0,2,0,3,2,7,0,2,420,0,74,95000
7200,180,352,676,1208,1136,768,1904,1,0,1,1,3,1,7,0,1,240,0,0,138000
6563,1148,0,594,1742,1742,0,1742,1,0,2,0,2,1,5,1,2,564,114,28,275000
2117,420,0,336,756,756,756,1512,0,0,2,1,2,1,4,1,2,440,0,32,168500
3180,0,0,600,600,520,600,1200,0,0,2,1,2,1,4,0,2,480,0,166,144152
7500,547,0,224,771,753,741,1494,0,0,1,0,3,1,7,2,1,213,0,0,177500
8737,300,0,765,1065,915,720,1635,0,0,1,1,3,1,6,1,2,440,0,38,210000
9541,0,0,1502,1502,1502,0,1502,0,0,2,0,3,1,7,0,2,644,0,114,233170
7862,27,0,1191,1218,1218,0,1218,0,0,2,0,2,1,4,0,2,676,0,102,208300
7750,353,0,55,408,779,640,1419,1,0,2,1,3,1,7,1,2,527,120,0,184100
16770,0,0,1195,1195,1195,644,1839,0,0,2,1,4,1,7,0,2,486,0,81,221000
3196,0,0,1374,1374,1557,0,1557,0,0,2,0,2,1,7,1,2,420,143,20,234000
16321,1277,0,207,1484,1600,0,1600,1,0,1,0,2,1,6,2,1,319,288,258,207500
9572,482,0,971,1453,1453,1357,2810,0,0,2,1,4,1,9,1,2,750,500,0,302000
10896,256,0,1184,1440,1440,1440,3395,0,0,2,0,8,2,14,0,0,0,0,110,200000
14115,1036,0,336,1372,1472,0,1472,1,0,2,0,3,1,6,2,2,588,233,48,187500
9416,1126,0,600,1726,1726,0,1726,1,0,2,0,3,1,8,1,3,786,171,138,311872
7094,180,374,340,894,894,0,894,0,0,1,0,3,1,5,0,1,384,0,0,125000
10800,0,0,0,0,694,600,1294,0,0,2,0,3,2,7,0,0,0,220,114,106250
18800,712,0,84,796,790,784,1574,1,0,2,1,3,1,6,1,2,566,306,111,190000
10240,0,0,1030,1030,1038,1060,2098,0,0,2,1,3,1,8,1,3,878,192,52,275500
7819,422,127,480,1029,1117,0,1117,1,0,1,0,3,1,6,1,2,672,144,0,107000
6120,0,0,832,832,854,0,854,0,0,1,0,2,1,5,0,2,576,48,112,132000
10206,0,0,0,0,944,0,944,0,0,1,0,2,1,4,0,2,528,0,0,82000
14585,594,219,331,1144,1429,0,1429,0,1,1,0,3,1,7,2,2,572,216,110,181900
10625,866,0,132,998,1006,1040,2046,1,0,2,1,3,1,8,1,3,871,320,62,284000
6000,250,0,710,960,960,0,960,0,0,1,0,2,1,5,0,1,308,0,0,108500
7500,0,0,698,698,698,430,1128,0,0,1,0,2,1,6,0,2,528,30,0,68400
14303,1314,0,672,1986,1987,0,1987,1,0,2,0,2,1,7,1,2,691,262,36,301500
8294,0,0,858,858,872,0,872,0,0,1,0,3,1,5,0,4,480,0,0,123000
2289,311,0,544,855,855,586,1441,0,0,2,1,3,1,7,1,2,440,28,0,148500
4230,0,0,1352,1352,1352,0,1352,0,0,2,0,2,1,5,1,2,466,0,241,208900
9947,611,0,577,1188,1217,0,1217,1,0,2,0,3,1,6,0,2,497,168,27,173000
6000,0,0,811,811,811,576,1387,0,0,2,0,3,2,7,0,1,256,0,0,93000
12464,732,0,308,1040,1040,0,1040,1,0,1,0,3,1,6,0,2,576,168,0,152000
6240,0,0,0,0,672,240,912,0,0,1,0,2,1,3,0,0,0,0,0,80500
19296,672,690,0,1362,1382,0,1382,1,0,1,0,3,1,6,1,2,884,0,0,176000
7596,0,0,960,960,960,1000,1960,0,0,2,0,4,2,10,0,2,400,0,0,124500
7200,632,0,148,780,780,0,780,0,0,1,0,2,1,4,0,1,352,196,0,124900
13500,429,1080,93,1602,1252,0,1252,1,0,1,0,1,1,4,1,2,564,409,0,235000
3010,16,0,1232,1248,1248,0,1248,0,0,2,0,2,1,5,0,2,438,108,0,167240
9300,697,0,571,1268,1264,0,1264,1,0,1,0,3,1,6,2,2,461,0,0,167500
11250,0,0,1104,1104,1104,684,1788,1,0,1,0,5,1,8,2,1,304,120,0,161500
12925,865,0,340,1205,2117,0,2117,0,0,2,1,4,1,7,2,2,550,0,42,237500
9000,288,0,718,1006,1006,0,1006,0,0,1,0,3,1,5,0,0,0,0,24,80000
8158,550,0,334,884,884,884,1768,1,0,2,1,3,1,8,0,2,543,0,63,224900
8877,836,0,0,836,1220,0,1220,0,0,1,0,2,1,6,0,2,396,0,0,102000
9400,945,0,0,945,980,0,980,0,2,2,0,4,0,4,0,0,0,0,0,127500
9170,698,96,420,1214,1214,0,1214,1,0,1,0,2,1,6,0,2,461,0,0,140000
3013,16,0,1346,1362,1506,0,1506,0,0,2,0,2,1,6,1,2,440,142,20,213490
9135,340,0,1342,1682,1700,0,1700,1,0,2,0,3,1,7,0,2,544,192,23,200000
8750,0,0,880,880,909,807,1716,0,0,2,1,2,1,7,1,2,512,0,120,191000
14260,655,0,490,1145,1145,1053,2198,1,0,2,1,4,1,9,1,3,836,192,84,250000
12099,970,0,166,1136,1136,1332,2468,1,0,2,1,4,1,10,1,3,872,184,154,354000
6858,0,0,806,806,841,806,1647,1,0,1,1,4,1,6,0,1,216,0,66,128000
1300,285,0,276,561,561,668,1229,0,0,1,1,2,1,5,1,2,462,150,0,124000
7200,569,0,162,731,981,787,1768,1,0,1,1,3,1,7,2,1,240,0,0,175000
21780,0,0,1163,1163,1163,511,1674,0,0,2,0,4,1,8,1,2,396,72,36,185000
13072,941,0,217,1158,1158,0,1158,1,0,1,1,3,1,5,0,2,576,0,50,158000
10800,686,0,0,686,966,686,1652,1,0,2,0,4,1,7,0,1,416,0,0,139000
9340,344,0,328,672,672,0,672,1,0,1,0,2,1,4,0,1,234,0,113,113000
11228,50,531,499,1080,1080,1017,2097,0,1,2,1,3,1,9,1,3,678,196,187,228000
9825,0,0,0,0,1664,0,1664,0,0,2,0,4,2,8,0,0,0,0,0,100000
15426,821,0,107,928,928,836,1764,1,0,2,1,3,1,7,0,2,470,276,99,231500
6993,465,0,447,912,1236,0,1236,0,0,1,0,3,1,6,1,1,288,0,0,135000
10007,806,0,247,1053,1053,0,1053,1,0,1,1,3,1,5,0,1,312,0,0,145500
9548,483,0,458,941,941,888,1829,1,0,2,1,3,1,7,1,2,613,192,39,237000
4800,197,0,999,1196,1196,0,1196,1,0,1,0,2,1,5,0,2,440,0,0,109900
10207,0,0,874,874,874,887,1761,0,0,3,0,3,1,7,0,2,578,144,105,227875
16560,503,0,449,952,1170,1175,2345,0,0,2,1,4,1,9,1,2,360,0,0,239000
13515,0,0,764,764,1060,764,1824,0,0,1,0,3,1,8,1,2,520,0,0,180500
13132,0,0,747,747,892,892,1784,0,0,1,1,4,1,9,0,1,180,203,40,138887
4426,697,0,151,848,848,0,848,1,0,1,0,1,1,3,1,2,420,149,0,141000
13478,1338,0,384,1722,1728,568,2296,1,0,2,1,3,1,10,1,3,842,382,274,451950
7175,623,121,0,744,752,0,752,1,0,1,0,2,1,4,0,1,264,353,0,125000
16492,247,713,557,1517,1888,0,1888,0,0,2,1,2,1,6,1,2,578,0,0,190000
11175,0,0,1316,1316,1316,0,1316,0,0,2,0,3,1,6,1,2,440,0,20,200141
8176,846,0,210,1056,1056,0,1056,1,0,1,0,3,1,6,0,1,308,0,0,139000
12108,133,0,1307,1440,1440,0,1440,0,0,2,0,4,2,8,0,0,0,0,0,118000
2522,0,0,970,970,970,739,1709,0,0,2,0,3,1,7,0,2,380,0,40,130000
7244,619,0,149,768,768,0,768,1,0,1,0,2,1,5,0,2,624,104,0,129500
10452,500,0,594,1094,1094,0,1094,0,0,1,0,3,1,5,2,2,495,0,0,155000
9247,319,0,539,858,858,858,1716,0,0,1,1,4,1,8,1,2,490,0,84,171000
3230,381,0,348,729,742,729,1471,0,0,2,1,3,1,6,0,2,440,0,24,172500
2308,556,0,248,804,804,744,1548,1,0,2,1,3,1,7,1,2,440,48,0,155000
10140,194,0,638,832,832,832,1664,0,0,2,1,4,1,8,1,2,528,0,28,162900
7252,685,0,173,858,858,0,858,1,0,1,0,2,1,5,0,2,576,120,0,134900
9000,0,0,636,636,1089,661,1750,0,0,1,0,3,1,8,0,1,240,0,0,124000
9022,0,0,768,768,792,0,792,0,0,1,0,2,1,5,0,1,240,316,0,109500
7599,565,0,280,845,845,0,845,1,0,1,0,2,1,4,0,2,360,0,0,129500
7200,350,210,0,560,575,560,1135,1,0,1,0,3,1,6,0,2,576,256,0,155000
11400,1282,0,1351,2633,2633,0,2633,1,0,2,1,2,1,8,2,3,804,314,140,466500
8070,588,0,402,990,990,0,990,1,0,1,0,3,1,5,0,0,0,0,0,123600
3696,0,0,1074,1074,1088,0,1088,0,0,1,1,2,1,5,0,2,461,0,74,170000
9473,804,0,324,1128,1128,903,2031,1,0,2,1,3,1,7,1,2,577,0,211,237000
16059,0,0,1288,1288,1301,1116,2417,0,0,2,1,4,1,9,1,2,462,127,82,260000
8500,600,0,635,1235,1235,0,1235,0,0,1,0,2,1,6,0,2,480,0,0,98600
13173,1572,0,80,1652,1652,0,1652,1,0,2,0,2,1,6,2,2,840,404,102,325000
9600,1104,0,1420,2524,2524,0,2524,1,0,2,1,4,1,9,1,2,542,474,120,278000
9750,602,438,14,1054,1054,0,1054,1,0,1,1,3,1,6,0,2,460,180,0,151000
8749,0,0,1459,1459,1459,0,1459,0,0,2,0,3,1,6,1,2,527,192,39,192000
1533,0,0,546,546,798,546,1344,0,0,1,1,3,1,6,1,0,0,0,0,97000
8750,505,0,299,804,804,878,1682,0,0,2,1,3,1,7,0,2,523,0,77,200500
16635,1246,0,356,1602,1602,0,1602,0,1,2,0,3,1,8,1,2,529,240,0,215000
10355,695,0,519,1214,1214,0,1214,0,0,2,0,3,1,5,1,1,318,0,111,143000
9600,280,0,752,1032,1032,220,1252,0,0,1,0,3,1,6,0,1,288,0,0,119000
15578,0,0,728,728,728,728,1456,0,0,2,1,3,1,8,0,2,429,0,0,172785
3230,419,0,310,729,729,729,1458,0,0,2,1,2,1,5,1,2,440,0,32,176000
7685,518,0,179,697,697,804,1501,0,0,2,1,3,1,6,1,2,420,190,63,165600
9375,0,0,912,912,912,1182,2094,0,0,2,1,4,1,8,1,2,615,182,182,263000
6173,599,0,277,876,902,0,902,0,0,1,0,3,1,6,0,1,288,0,0,125500
10335,570,0,891,1461,1721,0,1721,0,0,2,1,3,1,7,1,2,440,0,96,180000
11478,1218,0,486,1704,1704,0,1704,1,0,2,0,3,1,7,1,3,772,0,50,306000
6060,0,0,732,732,772,351,1123,0,0,1,0,3,1,4,0,1,264,0,0,100000
11616,438,0,234,672,672,714,1386,0,0,2,1,3,1,6,1,2,440,335,0,158900
25339,0,0,816,816,1416,0,1416,0,0,2,0,3,1,7,0,2,576,0,0,112000
16647,1390,0,0,1390,1701,0,1701,1,0,2,0,3,1,6,2,2,611,0,0,171000
7804,622,0,500,1122,1328,653,1981,1,0,2,0,4,1,7,2,2,576,431,44,135000
8750,828,0,174,1002,1002,0,1002,1,0,1,0,3,1,5,0,2,902,0,0,148500
5063,904,0,410,1314,1314,0,1314,1,0,2,0,2,1,6,1,2,626,172,62,207500
10800,821,0,299,1120,1130,0,1130,1,0,1,0,2,1,5,1,2,720,229,0,120000
14778,728,0,568,1296,1640,0,1640,1,0,1,0,3,1,7,1,2,924,108,0,224000
8064,0,0,672,672,672,252,924,0,0,1,0,3,1,6,1,2,576,0,0,122900
6402,0,0,596,596,596,596,1192,0,0,1,0,3,1,6,0,1,189,0,0,78000
12640,936,396,396,1728,1728,0,1728,0,0,2,0,4,2,8,0,2,574,40,0,150900
2448,573,0,191,764,764,862,1626,1,0,2,1,2,1,6,0,2,474,0,27,154000
7875,0,0,783,783,807,702,1509,0,0,2,1,3,1,8,1,2,393,0,75,180000
8731,645,0,270,915,1167,0,1167,0,0,1,0,3,1,6,1,2,495,0,0,144000
6762,0,0,1286,1286,1294,0,1294,0,0,2,0,2,1,6,1,2,662,168,55,193879
9571,739,0,405,1144,1144,0,1144,1,0,1,0,3,1,6,0,1,596,44,0,129000
10652,0,0,1494,1494,1494,0,1494,0,0,2,0,3,1,7,1,3,840,160,33,279500
5389,1180,0,415,1595,1616,0,1616,1,0,2,0,2,1,5,1,2,608,237,152,236500
40094,2260,0,878,3138,3138,1538,4676,1,0,3,1,3,1,11,1,3,884,208,406,184750
8400,1016,0,36,1052,1052,0,1052,1,0,1,1,3,1,5,0,1,288,356,0,138500
13000,448,0,448,896,1182,960,2142,0,0,2,1,4,1,8,1,1,509,0,72,193500
4435,686,0,162,848,848,0,848,1,0,1,0,1,1,3,0,2,420,140,0,136500
10421,394,0,586,980,980,734,1714,0,0,2,1,3,1,7,1,2,496,228,66,196500
10793,493,287,0,780,780,840,1620,0,0,2,1,4,1,7,0,2,462,208,0,152000
9313,0,0,864,864,864,864,1728,0,0,2,1,3,1,7,0,2,572,187,56,190000
24682,0,0,841,841,892,783,1675,0,0,2,1,3,1,7,1,2,502,0,103,181000
8712,0,0,540,540,1044,0,1044,0,0,1,0,2,1,4,0,2,504,0,0,55993
13125,168,682,284,1134,1803,0,1803,1,0,2,0,3,1,8,1,2,484,0,0,155000
14145,213,0,995,1208,1621,0,1621,1,0,2,0,3,1,8,0,2,440,108,45,202500
8248,41,0,823,864,864,0,864,1,0,1,0,2,1,5,0,0,0,0,0,67000
10678,700,0,983,1683,2129,743,2872,0,0,2,1,4,1,9,1,2,541,0,33,285000
9100,521,174,169,864,864,0,864,1,0,1,0,3,1,5,0,2,624,0,0,129900
10839,0,0,926,926,926,678,1604,0,0,2,1,3,1,7,1,2,470,0,36,181000
5119,1238,0,460,1698,1709,0,1709,1,0,2,0,2,1,5,1,2,506,97,65,328900
10205,784,0,141,925,999,0,999,1,0,1,0,3,1,6,0,1,300,150,72,134500
8125,986,0,668,1654,1654,0,1654,1,0,2,0,3,1,6,0,3,900,0,136,230000
10000,0,0,1116,1116,1116,0,1116,0,0,1,1,3,1,5,0,2,440,0,0,160000
10011,360,0,710,1070,1236,0,1236,0,1,1,0,2,1,6,1,1,447,0,0,134450
9000,616,0,580,1196,1196,0,1196,1,0,1,0,2,1,6,1,1,297,0,44,139000
16692,790,469,133,1392,1392,1392,2784,1,0,3,1,5,1,12,2,2,564,0,112,250000
6629,551,0,121,672,697,672,1369,1,0,2,0,3,1,6,0,1,300,147,0,103600
12085,1004,0,730,1734,1734,0,1734,1,0,2,0,3,1,7,1,3,928,0,0,318000
12203,854,0,371,1225,1276,1336,2612,1,0,2,1,4,1,8,1,3,676,250,0,336000
6000,0,0,884,884,904,0,904,0,0,1,0,2,1,4,0,1,180,0,0,119000
9937,637,0,849,1486,1486,0,1486,1,0,1,0,3,1,7,0,2,480,0,0,167000
9842,0,0,0,0,1224,0,1224,0,0,2,0,2,2,6,0,2,462,0,0,101800
8854,0,0,952,952,952,0,952,0,0,1,0,2,1,4,1,1,192,0,98,121000
6979,1056,0,0,1056,1056,0,1056,2,0,0,0,0,2,4,0,2,576,264,56,144000
15523,460,0,404,864,864,0,864,1,0,1,0,3,1,5,1,1,338,0,0,133500
7892,300,0,899,1199,1199,0,1199,0,0,2,0,2,1,5,0,2,530,0,63,153900
7128,364,0,554,918,918,728,1646,0,0,2,0,4,1,7,2,1,240,0,0,164000
11249,334,544,322,1200,1200,0,1200,1,0,2,0,3,1,6,0,2,521,0,26,177500
10004,196,345,975,1516,1516,0,1516,0,0,1,1,3,1,6,0,2,472,0,0,167000
7875,0,0,1237,1237,1253,0,1253,0,0,2,0,3,1,6,1,2,402,220,21,176000
11616,170,670,252,1092,1092,0,1092,0,1,1,0,3,1,6,1,1,288,0,20,139000
6600,0,0,894,894,894,0,894,0,0,1,0,2,1,5,0,1,308,0,0,109500
9600,674,132,350,1156,1520,0,1520,1,0,1,0,3,1,7,2,1,364,0,0,153000
1491,150,480,0,630,630,0,630,1,0,1,0,1,1,3,0,0,0,96,24,75500
12474,1280,0,402,1682,1742,590,2332,1,0,2,1,3,1,9,1,3,846,196,134,426000
9200,892,0,244,1136,1136,0,1136,1,0,1,0,3,1,5,1,1,384,426,0,140000
6792,0,0,1368,1368,1368,0,1368,0,0,2,0,2,1,6,1,2,474,132,35,202665
9246,0,0,1656,1656,1656,0,1656,0,0,2,0,4,2,8,0,2,506,0,211,135000
7837,0,0,799,799,799,772,1571,0,0,2,1,3,1,7,1,2,380,0,40,178000
8892,0,0,105,105,910,0,910,0,0,1,0,3,1,5,0,2,414,196,0,116000
18386,0,0,1470,1470,1675,1818,3493,0,0,3,0,3,1,10,1,3,870,302,0,295000
46589,1361,180,88,1629,1686,762,2448,1,0,2,1,4,1,8,1,3,711,517,76,402000
7407,600,0,312,912,1236,0,1236,1,0,1,0,2,1,6,0,2,923,0,158,149700
9945,827,0,161,988,988,0,988,1,0,1,0,3,1,5,0,2,572,0,0,128500
9965,984,0,280,1264,1282,1414,2696,1,0,2,1,4,1,10,1,3,792,120,184,383970
25095,1324,0,113,1437,1473,0,1473,2,0,1,0,1,1,5,2,1,452,0,48,143000
7800,641,0,187,828,965,0,965,1,0,1,0,3,1,6,0,1,300,421,0,119900
11409,292,0,476,768,1148,568,1716,0,0,1,1,3,1,8,1,1,281,0,0,131000
9450,552,0,342,894,894,0,894,0,0,1,0,3,1,5,0,2,400,0,0,110000
10655,1124,479,1603,3206,1629,0,1629,1,0,2,0,3,1,7,1,3,880,0,0,284000
7910,666,0,409,1075,1507,0,1507,0,0,2,0,4,1,7,0,1,404,0,0,127000
14977,1350,0,626,1976,1976,0,1976,1,0,2,0,2,1,7,1,3,908,250,63,440000
14191,0,0,967,967,993,915,1908,0,0,2,1,4,1,9,0,2,431,135,0,202900
7438,0,0,504,504,936,316,1252,0,0,1,0,3,1,5,0,2,576,104,0,127000
11029,619,0,435,1054,1512,1142,2654,1,0,2,1,4,1,9,1,2,619,0,65,250000
11160,1065,0,1045,2110,2110,0,2110,1,0,2,1,3,1,8,2,2,522,0,0,244000
9786,0,0,1007,1007,1077,0,1077,0,0,1,0,3,1,6,1,1,210,0,100,91000
9000,0,0,768,768,786,804,1590,0,0,2,1,3,1,6,0,2,676,0,30,210000
11700,404,0,304,708,708,708,1416,0,0,2,1,3,1,7,1,2,776,0,169,179900
14200,445,0,479,924,1216,941,2157,0,0,2,1,4,1,8,2,2,487,105,66,226000
9600,831,0,161,992,1661,0,1661,1,0,1,0,3,1,8,1,1,377,0,28,165500
12118,0,0,1710,1710,1710,0,1710,0,0,2,0,3,1,7,1,2,550,100,48,240000
29959,595,0,378,973,979,871,1850,0,0,2,1,3,1,7,1,2,467,168,98,248000
13125,48,634,422,1104,912,1215,2127,1,0,2,1,4,1,8,1,3,833,72,192,238000
12444,1336,0,596,1932,1932,0,1932,1,0,2,0,2,1,7,1,3,774,0,66,394617
8320,490,0,280,770,770,812,1582,0,0,2,1,3,1,6,0,2,520,0,45,185900
11317,0,0,840,840,840,828,1668,0,0,2,1,3,1,8,0,2,500,144,68,180000
10140,144,1127,379,1650,1680,0,1680,1,0,2,0,3,1,7,1,2,583,78,73,213250
4403,578,0,892,1470,1478,0,1478,1,0,2,1,2,1,7,1,2,484,0,144,222000
8250,250,492,210,952,1211,0,1211,0,0,1,0,3,1,5,1,1,322,0,63,134000
14684,485,177,1496,2158,2196,0,2196,0,0,2,0,3,1,7,1,3,701,84,70,271900
4671,767,0,461,1228,1228,0,1228,1,0,2,0,2,1,5,1,2,472,168,120,189000
6380,0,0,993,993,1048,0,1048,0,0,1,0,2,1,5,1,1,280,0,0,113000
8120,191,0,673,864,864,0,864,0,0,1,0,3,1,5,0,2,463,0,0,124500
8740,672,0,168,840,860,0,860,1,0,1,0,2,1,4,0,2,528,0,0,137000
10542,1173,0,138,1311,1325,1093,2418,1,0,2,1,3,1,9,1,3,983,250,154,341000
8712,0,0,859,859,859,319,1178,0,0,1,0,2,1,7,0,1,384,68,0,102776
8121,0,0,953,953,953,711,1664,0,0,2,1,3,1,7,1,2,460,100,40,172400
3196,0,0,1273,1273,1456,0,1456,0,0,2,0,2,1,7,1,2,400,143,20,215000
8480,630,0,340,970,970,0,970,1,0,1,0,2,1,5,0,2,624,0,24,132500
10690,456,0,216,672,672,672,1344,0,0,1,0,3,1,6,0,1,468,0,128,147000
8849,28,0,1656,1684,1684,0,1684,0,0,2,0,2,1,6,1,2,564,495,72,266000
3182,16,0,1330,1346,1504,0,1504,0,0,2,0,2,1,7,1,2,437,156,20,191000
8235,180,645,0,825,825,0,825,1,0,1,0,2,1,4,0,2,720,140,50,125000
8880,695,0,253,948,1222,888,2110,1,0,2,1,3,1,8,2,2,463,0,130,205000
12919,2188,0,142,2330,2364,0,2364,1,0,2,1,2,1,11,2,3,820,0,67,611657
7500,680,0,400,1080,1080,0,1080,1,0,1,0,3,1,6,0,0,0,0,0,141000
16226,281,0,747,1028,1210,1242,2452,0,0,2,1,4,1,9,1,2,683,208,50,267000
6970,932,0,108,1040,1120,0,1120,1,0,1,1,3,1,5,0,2,544,168,0,129000
17140,1059,0,75,1134,1229,0,1229,0,0,1,0,3,1,6,0,1,284,0,0,135000
5520,0,0,755,755,929,929,2229,0,0,1,0,5,1,8,0,0,0,0,198,104000
11645,1300,0,434,1734,1734,0,1734,1,0,2,0,3,1,7,0,2,660,160,24,260000
7838,769,0,95,864,900,0,900,1,0,1,0,3,1,6,1,1,288,175,144,123000
9382,0,0,1468,1468,1479,0,1479,0,0,2,0,3,1,6,0,2,577,120,25,191000
10159,1646,0,284,1930,1940,0,1940,1,0,2,1,3,1,8,1,3,606,168,95,395192
8250,787,0,305,1092,1092,0,1092,1,0,1,0,3,1,6,0,2,504,0,0,145000
6960,375,239,250,864,864,0,864,0,0,1,0,3,1,5,0,2,660,96,0,120500
6240,152,0,628,780,848,0,1208,0,0,1,0,2,1,5,0,2,539,0,23,103000
9760,536,117,169,822,1020,831,1851,0,0,2,1,3,1,7,1,2,440,239,42,187000
10125,0,0,0,0,1302,432,1734,0,0,2,0,4,2,8,0,2,539,0,0,126000
10800,1200,0,0,1200,1200,0,1200,3,0,3,0,3,1,5,0,0,0,120,0,179000
6000,0,0,1008,1008,1008,0,1522,0,0,2,0,4,1,7,0,0,0,0,0,102000
9600,0,0,572,572,572,524,1096,0,0,1,0,2,1,5,0,0,0,0,8,79000
8750,642,0,273,915,933,975,1908,1,0,2,1,4,1,8,1,2,493,144,133,210000
8741,94,0,641,735,798,689,1487,0,0,1,1,3,1,7,1,1,220,0,140,113000
10010,1071,123,195,1389,1389,0,1389,1,0,1,0,2,1,6,1,2,418,240,38,170000
9100,338,466,121,925,925,0,925,0,1,1,0,2,1,5,0,1,429,0,0,117500
8923,643,0,365,1008,1008,0,1008,1,0,1,0,2,1,6,0,1,240,0,18,134500
7920,0,0,319,319,1035,371,1406,0,0,1,0,3,1,6,0,0,0,0,144,89500
7922,731,0,326,1057,1057,0,1057,1,0,1,0,3,1,5,0,1,246,0,52,109000
7472,626,0,99,725,725,754,1479,1,0,1,1,4,1,7,0,2,484,0,32,184000
10991,0,0,1571,1571,1571,0,1571,0,0,2,0,3,1,7,1,3,722,100,36,239000
7000,969,0,148,1117,820,527,1347,1,0,1,0,3,1,5,0,0,0,85,0,107500
9464,570,0,510,1080,1080,0,1080,0,0,1,0,3,1,5,0,1,288,0,0,136000
7500,824,0,216,1040,1040,0,1040,1,0,1,1,3,1,5,0,1,308,0,0,133000
3635,988,0,398,1386,1569,0,1569,0,1,2,0,1,1,7,1,3,660,143,20,175900
9303,742,0,130,872,888,868,1756,1,0,2,1,3,1,7,0,2,422,144,122,204000
12003,0,0,774,774,774,1194,1968,0,0,2,1,4,1,8,1,3,680,0,75,269500
8400,388,0,552,940,1192,403,1595,0,0,1,0,2,1,6,2,1,240,0,0,140000
10800,0,0,720,720,720,472,1192,0,0,1,1,4,1,6,0,0,0,0,0,135000
